LOCATION;INDICATOR;SUBJECT;MEASURE;FREQUENCY;TIME;Value;Flag Codes
AUS;GDP;TOT;USD_CAP;A;1994;21432775454;
AUS;GDP;TOT;USD_CAP;A;1995;22442316842;
AUS;GDP;TOT;USD_CAP;A;1996;23289401829;
AUS;GDP;TOT;USD_CAP;A;1997;24477413795;
AUS;GDP;TOT;USD_CAP;A;1998;25708263828;
AUS;GDP;TOT;USD_CAP;A;1999;27139248201;
AUS;GDP;TOT;USD_CAP;A;2000;28312859441;
AUS;GDP;TOT;USD_CAP;A;2001;29546415014;
AUS;GDP;TOT;USD_CAP;A;2002;30807514079;
AUS;GDP;TOT;USD_CAP;A;2003;32391486238;
AUS;GDP;TOT;USD_CAP;A;2004;34000173773;
AUS;GDP;TOT;USD_CAP;A;2005;35659125487;
AUS;GDP;TOT;USD_CAP;A;2006;37938792079;
AUS;GDP;TOT;USD_CAP;A;2007;3968744861;
AUS;GDP;TOT;USD_CAP;A;2008;40130341686;
AUS;GDP;TOT;USD_CAP;A;2009;4167292375;
AUS;GDP;TOT;USD_CAP;A;2010;4281642896;
AUS;GDP;TOT;USD_CAP;A;2011;44440579478;
AUS;GDP;TOT;USD_CAP;A;2012;43884635595;
AUS;GDP;TOT;USD_CAP;A;2013;477632159;
AUS;GDP;TOT;USD_CAP;A;2014;47606754929;
AUS;GDP;TOT;USD_CAP;A;2015;47226759745;
AUS;GDP;TOT;USD_CAP;A;2016;50136798381;
AUS;GDP;TOT;USD_CAP;A;2017;50706489861;
AUS;GDP;TOT;USD_CAP;A;2018;53025386896;
AUS;GDP;TOT;USD_CAP;A;2019;52785250556;
AUS;GDP;TOT;USD_CAP;A;2020;55772741079;
AUS;GDP;TOT;USD_CAP;A;2021;6209540433;
AUS;GDP;TOT;USD_CAP;A;2022;6870089428;E
AUT;GDP;TOT;USD_CAP;A;1994;22642841565;E
AUT;GDP;TOT;USD_CAP;A;1995;2369810309;
AUT;GDP;TOT;USD_CAP;A;1996;24560615338;
AUT;GDP;TOT;USD_CAP;A;1997;25426661912;
AUT;GDP;TOT;USD_CAP;A;1998;26675649686;
AUT;GDP;TOT;USD_CAP;A;1999;27606484243;
AUT;GDP;TOT;USD_CAP;A;2000;29381672832;
AUT;GDP;TOT;USD_CAP;A;2001;2970848945;
AUT;GDP;TOT;USD_CAP;A;2002;31178051444;
AUT;GDP;TOT;USD_CAP;A;2003;32158459529;
AUT;GDP;TOT;USD_CAP;A;2004;33784446804;
AUT;GDP;TOT;USD_CAP;A;2005;35024557484;
AUT;GDP;TOT;USD_CAP;A;2006;37662888035;
AUT;GDP;TOT;USD_CAP;A;2007;39437038795;
AUT;GDP;TOT;USD_CAP;A;2008;41316022642;
AUT;GDP;TOT;USD_CAP;A;2009;40927556365;
AUT;GDP;TOT;USD_CAP;A;2010;42019005887;
AUT;GDP;TOT;USD_CAP;A;2011;44469209642;
AUT;GDP;TOT;USD_CAP;A;2012;46477655075;
AUT;GDP;TOT;USD_CAP;A;2013;47936677963;
AUT;GDP;TOT;USD_CAP;A;2014;48813534409;
AUT;GDP;TOT;USD_CAP;A;2015;49942056293;
AUT;GDP;TOT;USD_CAP;A;2016;52665087457;
AUT;GDP;TOT;USD_CAP;A;2017;54188360666;
AUT;GDP;TOT;USD_CAP;A;2018;56956110562;
AUT;GDP;TOT;USD_CAP;A;2019;59719612013;
AUT;GDP;TOT;USD_CAP;A;2020;57258818295;
AUT;GDP;TOT;USD_CAP;A;2021;59991439846;
AUT;GDP;TOT;USD_CAP;A;2022;68774881689;
BEL;GDP;TOT;USD_CAP;A;1994;21518504151;E
BEL;GDP;TOT;USD_CAP;A;1995;22447051902;
BEL;GDP;TOT;USD_CAP;A;1996;22743894711;
BEL;GDP;TOT;USD_CAP;A;1997;23732789845;
BEL;GDP;TOT;USD_CAP;A;1998;24369501242;
BEL;GDP;TOT;USD_CAP;A;1999;25441891387;
BEL;GDP;TOT;USD_CAP;A;2000;27790606306;
BEL;GDP;TOT;USD_CAP;A;2001;28792401342;
BEL;GDP;TOT;USD_CAP;A;2002;30281667989;
BEL;GDP;TOT;USD_CAP;A;2003;30934823303;
BEL;GDP;TOT;USD_CAP;A;2004;32063687224;
BEL;GDP;TOT;USD_CAP;A;2005;33176680884;
BEL;GDP;TOT;USD_CAP;A;2006;35256775979;
BEL;GDP;TOT;USD_CAP;A;2007;36794811405;
BEL;GDP;TOT;USD_CAP;A;2008;37883233422;
BEL;GDP;TOT;USD_CAP;A;2009;37751634063;
BEL;GDP;TOT;USD_CAP;A;2010;39836533412;
BEL;GDP;TOT;USD_CAP;A;2011;40943343479;
BEL;GDP;TOT;USD_CAP;A;2012;42290477674;
BEL;GDP;TOT;USD_CAP;A;2013;43672712292;
BEL;GDP;TOT;USD_CAP;A;2014;44929933328;
BEL;GDP;TOT;USD_CAP;A;2015;46201685891;
BEL;GDP;TOT;USD_CAP;A;2016;48599202676;
BEL;GDP;TOT;USD_CAP;A;2017;50442947518;
BEL;GDP;TOT;USD_CAP;A;2018;5253084151;
BEL;GDP;TOT;USD_CAP;A;2019;55804713631;
BEL;GDP;TOT;USD_CAP;A;2020;5454441924;P
BEL;GDP;TOT;USD_CAP;A;2021;58845530928;P
BEL;GDP;TOT;USD_CAP;A;2022;65818301179;P
CAN;GDP;TOT;USD_CAP;A;1994;22632831273;
CAN;GDP;TOT;USD_CAP;A;1995;23485643444;
CAN;GDP;TOT;USD_CAP;A;1996;24050176142;
CAN;GDP;TOT;USD_CAP;A;1997;25259725362;
CAN;GDP;TOT;USD_CAP;A;1998;26319930258;
CAN;GDP;TOT;USD_CAP;A;1999;27841629576;
CAN;GDP;TOT;USD_CAP;A;2000;29362289573;
CAN;GDP;TOT;USD_CAP;A;2001;30231005032;
CAN;GDP;TOT;USD_CAP;A;2002;30963222007;
CAN;GDP;TOT;USD_CAP;A;2003;32350070882;
CAN;GDP;TOT;USD_CAP;A;2004;3392589256;
CAN;GDP;TOT;USD_CAP;A;2005;36327662059;
CAN;GDP;TOT;USD_CAP;A;2006;38120176792;
CAN;GDP;TOT;USD_CAP;A;2007;39575324973;
CAN;GDP;TOT;USD_CAP;A;2008;40376330167;
CAN;GDP;TOT;USD_CAP;A;2009;38865406022;
CAN;GDP;TOT;USD_CAP;A;2010;40099497886;
CAN;GDP;TOT;USD_CAP;A;2011;41666718851;
CAN;GDP;TOT;USD_CAP;A;2012;42290879082;
CAN;GDP;TOT;USD_CAP;A;2013;44298514462;
CAN;GDP;TOT;USD_CAP;A;2014;45753782936;
CAN;GDP;TOT;USD_CAP;A;2015;44670054374;
CAN;GDP;TOT;USD_CAP;A;2016;46472368771;
CAN;GDP;TOT;USD_CAP;A;2017;48317191163;
CAN;GDP;TOT;USD_CAP;A;2018;49992811418;
CAN;GDP;TOT;USD_CAP;A;2019;49832414539;
CAN;GDP;TOT;USD_CAP;A;2020;47226357276;
CAN;GDP;TOT;USD_CAP;A;2021;53023405782;
CAN;GDP;TOT;USD_CAP;A;2022;57058469082;
CZE;GDP;TOT;USD_CAP;A;1994;12735739208;E
CZE;GDP;TOT;USD_CAP;A;1995;13855325028;
CZE;GDP;TOT;USD_CAP;A;1996;14689582503;
CZE;GDP;TOT;USD_CAP;A;1997;1482532895;
CZE;GDP;TOT;USD_CAP;A;1998;14977240849;
CZE;GDP;TOT;USD_CAP;A;1999;15397922823;
CZE;GDP;TOT;USD_CAP;A;2000;16211043497;
CZE;GDP;TOT;USD_CAP;A;2001;17611358497;
CZE;GDP;TOT;USD_CAP;A;2002;18245669005;
CZE;GDP;TOT;USD_CAP;A;2003;19524399624;
CZE;GDP;TOT;USD_CAP;A;2004;20912054683;
CZE;GDP;TOT;USD_CAP;A;2005;2204599888;
CZE;GDP;TOT;USD_CAP;A;2006;23857518264;
CZE;GDP;TOT;USD_CAP;A;2007;26224942173;
CZE;GDP;TOT;USD_CAP;A;2008;27853549898;
CZE;GDP;TOT;USD_CAP;A;2009;27635956473;
CZE;GDP;TOT;USD_CAP;A;2010;27766983552;
CZE;GDP;TOT;USD_CAP;A;2011;28999754757;
CZE;GDP;TOT;USD_CAP;A;2012;29258904853;
CZE;GDP;TOT;USD_CAP;A;2013;30828526409;
CZE;GDP;TOT;USD_CAP;A;2014;32504217576;
CZE;GDP;TOT;USD_CAP;A;2015;33909309243;
CZE;GDP;TOT;USD_CAP;A;2016;36101285601;
CZE;GDP;TOT;USD_CAP;A;2017;38842896268;
CZE;GDP;TOT;USD_CAP;A;2018;41157370409;
CZE;GDP;TOT;USD_CAP;A;2019;44223295751;
CZE;GDP;TOT;USD_CAP;A;2020;42817867499;
CZE;GDP;TOT;USD_CAP;A;2021;44813002627;
CZE;GDP;TOT;USD_CAP;A;2022;49956512049;
DNK;GDP;TOT;USD_CAP;A;1994;21691165893;
DNK;GDP;TOT;USD_CAP;A;1995;22711794598;
DNK;GDP;TOT;USD_CAP;A;1996;23746219146;
DNK;GDP;TOT;USD_CAP;A;1997;24928302667;
DNK;GDP;TOT;USD_CAP;A;1998;25820590998;
DNK;GDP;TOT;USD_CAP;A;1999;26657827372;
DNK;GDP;TOT;USD_CAP;A;2000;28672330304;
DNK;GDP;TOT;USD_CAP;A;2001;29452760705;
DNK;GDP;TOT;USD_CAP;A;2002;30639953691;
DNK;GDP;TOT;USD_CAP;A;2003;30825225589;
DNK;GDP;TOT;USD_CAP;A;2004;3294816657;
DNK;GDP;TOT;USD_CAP;A;2005;34152881663;
DNK;GDP;TOT;USD_CAP;A;2006;3733384624;
DNK;GDP;TOT;USD_CAP;A;2007;39021411928;
DNK;GDP;TOT;USD_CAP;A;2008;41282995471;
DNK;GDP;TOT;USD_CAP;A;2009;40332516629;
DNK;GDP;TOT;USD_CAP;A;2010;43006150516;
DNK;GDP;TOT;USD_CAP;A;2011;4440794207;
DNK;GDP;TOT;USD_CAP;A;2012;44808549212;
DNK;GDP;TOT;USD_CAP;A;2013;46742939663;
DNK;GDP;TOT;USD_CAP;A;2014;47905477079;
DNK;GDP;TOT;USD_CAP;A;2015;49058142344;
DNK;GDP;TOT;USD_CAP;A;2016;51967020438;
DNK;GDP;TOT;USD_CAP;A;2017;5535649009;
DNK;GDP;TOT;USD_CAP;A;2018;57479350221;
DNK;GDP;TOT;USD_CAP;A;2019;5988411738;
DNK;GDP;TOT;USD_CAP;A;2020;60846803672;
DNK;GDP;TOT;USD_CAP;A;2021;64914189543;
DNK;GDP;TOT;USD_CAP;A;2022;74961907363;
FIN;GDP;TOT;USD_CAP;A;1994;18479629474;
FIN;GDP;TOT;USD_CAP;A;1995;19587664325;
FIN;GDP;TOT;USD_CAP;A;1996;20087761339;
FIN;GDP;TOT;USD_CAP;A;1997;21794593198;
FIN;GDP;TOT;USD_CAP;A;1998;23577486869;
FIN;GDP;TOT;USD_CAP;A;1999;24767163974;
FIN;GDP;TOT;USD_CAP;A;2000;26789925656;
FIN;GDP;TOT;USD_CAP;A;2001;27801065401;
FIN;GDP;TOT;USD_CAP;A;2002;28605122922;
FIN;GDP;TOT;USD_CAP;A;2003;29053042068;
FIN;GDP;TOT;USD_CAP;A;2004;312017603;
FIN;GDP;TOT;USD_CAP;A;2005;32051762889;
FIN;GDP;TOT;USD_CAP;A;2006;34452676186;
FIN;GDP;TOT;USD_CAP;A;2007;37843270084;
FIN;GDP;TOT;USD_CAP;A;2008;40083701943;
FIN;GDP;TOT;USD_CAP;A;2009;37972457701;
FIN;GDP;TOT;USD_CAP;A;2010;38954131777;
FIN;GDP;TOT;USD_CAP;A;2011;40916647325;
FIN;GDP;TOT;USD_CAP;A;2012;40872854802;
FIN;GDP;TOT;USD_CAP;A;2013;41492918416;
FIN;GDP;TOT;USD_CAP;A;2014;41749864733;
FIN;GDP;TOT;USD_CAP;A;2015;42490211049;
FIN;GDP;TOT;USD_CAP;A;2016;44934488245;
FIN;GDP;TOT;USD_CAP;A;2017;47570270354;
FIN;GDP;TOT;USD_CAP;A;2018;49573255773;
FIN;GDP;TOT;USD_CAP;A;2019;51811599332;
FIN;GDP;TOT;USD_CAP;A;2020;52294342491;
FIN;GDP;TOT;USD_CAP;A;2021;54701696922;
FIN;GDP;TOT;USD_CAP;A;2022;59808219831;
FRA;GDP;TOT;USD_CAP;A;1994;20008098899;
FRA;GDP;TOT;USD_CAP;A;1995;20782665875;
FRA;GDP;TOT;USD_CAP;A;1996;21362732661;
FRA;GDP;TOT;USD_CAP;A;1997;22247339246;
FRA;GDP;TOT;USD_CAP;A;1998;23363975956;
FRA;GDP;TOT;USD_CAP;A;1999;24311403864;
FRA;GDP;TOT;USD_CAP;A;2000;260997352;
FRA;GDP;TOT;USD_CAP;A;2001;27499541566;
FRA;GDP;TOT;USD_CAP;A;2002;28528156107;
FRA;GDP;TOT;USD_CAP;A;2003;2817857676;
FRA;GDP;TOT;USD_CAP;A;2004;29065215266;
FRA;GDP;TOT;USD_CAP;A;2005;30504058784;
FRA;GDP;TOT;USD_CAP;A;2006;32472773806;
FRA;GDP;TOT;USD_CAP;A;2007;34132697684;
FRA;GDP;TOT;USD_CAP;A;2008;35102870428;
FRA;GDP;TOT;USD_CAP;A;2009;34686479663;
FRA;GDP;TOT;USD_CAP;A;2010;35910195851;
FRA;GDP;TOT;USD_CAP;A;2011;37447949543;
FRA;GDP;TOT;USD_CAP;A;2012;37684198067;
FRA;GDP;TOT;USD_CAP;A;2013;39528473644;
FRA;GDP;TOT;USD_CAP;A;2014;40144059485;
FRA;GDP;TOT;USD_CAP;A;2015;40829893311;
FRA;GDP;TOT;USD_CAP;A;2016;42855944562;
FRA;GDP;TOT;USD_CAP;A;2017;4444559677;
FRA;GDP;TOT;USD_CAP;A;2018;46336933985;
FRA;GDP;TOT;USD_CAP;A;2019;50222232835;
FRA;GDP;TOT;USD_CAP;A;2020;47828528542;
FRA;GDP;TOT;USD_CAP;A;2021;51011836944;P
FRA;GDP;TOT;USD_CAP;A;2022;55698406803;P
DEU;GDP;TOT;USD_CAP;A;1994;22879403869;
DEU;GDP;TOT;USD_CAP;A;1995;23672893332;
DEU;GDP;TOT;USD_CAP;A;1996;24211200418;
DEU;GDP;TOT;USD_CAP;A;1997;24730827071;
DEU;GDP;TOT;USD_CAP;A;1998;25532748584;
DEU;GDP;TOT;USD_CAP;A;1999;26510228697;
DEU;GDP;TOT;USD_CAP;A;2000;27456262771;
DEU;GDP;TOT;USD_CAP;A;2001;28663895351;
DEU;GDP;TOT;USD_CAP;A;2002;2950428924;
DEU;GDP;TOT;USD_CAP;A;2003;30270992251;
DEU;GDP;TOT;USD_CAP;A;2004;31741875731;
DEU;GDP;TOT;USD_CAP;A;2005;32236740986;
DEU;GDP;TOT;USD_CAP;A;2006;34664541909;
DEU;GDP;TOT;USD_CAP;A;2007;36863113348;
DEU;GDP;TOT;USD_CAP;A;2008;38432448211;
DEU;GDP;TOT;USD_CAP;A;2009;37465456323;
DEU;GDP;TOT;USD_CAP;A;2010;3967500238;
DEU;GDP;TOT;USD_CAP;A;2011;42541513126;
DEU;GDP;TOT;USD_CAP;A;2012;43359541048;
DEU;GDP;TOT;USD_CAP;A;2013;44993667838;
DEU;GDP;TOT;USD_CAP;A;2014;47011280402;
DEU;GDP;TOT;USD_CAP;A;2015;47609557159;
DEU;GDP;TOT;USD_CAP;A;2016;50579483717;
DEU;GDP;TOT;USD_CAP;A;2017;53071478374;
DEU;GDP;TOT;USD_CAP;A;2018;55195722049;
DEU;GDP;TOT;USD_CAP;A;2019;57397473982;P
DEU;GDP;TOT;USD_CAP;A;2020;56482377267;P
DEU;GDP;TOT;USD_CAP;A;2021;58799012445;P
DEU;GDP;TOT;USD_CAP;A;2022;64101466443;P
GRC;GDP;TOT;USD_CAP;A;1994;14844886093;E
GRC;GDP;TOT;USD_CAP;A;1995;15433238558;
GRC;GDP;TOT;USD_CAP;A;1996;16149875697;
GRC;GDP;TOT;USD_CAP;A;1997;17155798791;
GRC;GDP;TOT;USD_CAP;A;1998;18034125759;
GRC;GDP;TOT;USD_CAP;A;1999;18464726453;
GRC;GDP;TOT;USD_CAP;A;2000;19519978023;
GRC;GDP;TOT;USD_CAP;A;2001;20958780315;
GRC;GDP;TOT;USD_CAP;A;2002;22615957435;
GRC;GDP;TOT;USD_CAP;A;2003;23897755346;
GRC;GDP;TOT;USD_CAP;A;2004;25460561383;
GRC;GDP;TOT;USD_CAP;A;2005;25577445437;
GRC;GDP;TOT;USD_CAP;A;2006;28547218881;
GRC;GDP;TOT;USD_CAP;A;2007;29323909492;
GRC;GDP;TOT;USD_CAP;A;2008;30855935774;
GRC;GDP;TOT;USD_CAP;A;2009;30359446595;
GRC;GDP;TOT;USD_CAP;A;2010;2791157449;B
GRC;GDP;TOT;USD_CAP;A;2011;25671409119;
GRC;GDP;TOT;USD_CAP;A;2012;24911130276;
GRC;GDP;TOT;USD_CAP;A;2013;25986640698;
GRC;GDP;TOT;USD_CAP;A;2014;26625159298;
GRC;GDP;TOT;USD_CAP;A;2015;26760280798;
GRC;GDP;TOT;USD_CAP;A;2016;27511803202;
GRC;GDP;TOT;USD_CAP;A;2017;28604829152;
GRC;GDP;TOT;USD_CAP;A;2018;29617518625;
GRC;GDP;TOT;USD_CAP;A;2019;31155946796;
GRC;GDP;TOT;USD_CAP;A;2020;28416523031;P
GRC;GDP;TOT;USD_CAP;A;2021;31297164572;P
GRC;GDP;TOT;USD_CAP;A;2022;37212227345;P
HUN;GDP;TOT;USD_CAP;A;1994;893040706;E
HUN;GDP;TOT;USD_CAP;A;1995;9192590411;
HUN;GDP;TOT;USD_CAP;A;1996;9352284675;
HUN;GDP;TOT;USD_CAP;A;1997;9824818359;
HUN;GDP;TOT;USD_CAP;A;1998;10398343521;
HUN;GDP;TOT;USD_CAP;A;1999;10873247873;
HUN;GDP;TOT;USD_CAP;A;2000;11855464682;
HUN;GDP;TOT;USD_CAP;A;2001;13210457753;
HUN;GDP;TOT;USD_CAP;A;2002;14526388251;
HUN;GDP;TOT;USD_CAP;A;2003;15479026769;
HUN;GDP;TOT;USD_CAP;A;2004;16268938786;
HUN;GDP;TOT;USD_CAP;A;2005;17108340595;
HUN;GDP;TOT;USD_CAP;A;2006;18382558594;
HUN;GDP;TOT;USD_CAP;A;2007;19096705486;
HUN;GDP;TOT;USD_CAP;A;2008;20721502411;
HUN;GDP;TOT;USD_CAP;A;2009;20722886939;
HUN;GDP;TOT;USD_CAP;A;2010;21741545922;
HUN;GDP;TOT;USD_CAP;A;2011;23029447178;
HUN;GDP;TOT;USD_CAP;A;2012;23267448393;
HUN;GDP;TOT;USD_CAP;A;2013;24547980456;
HUN;GDP;TOT;USD_CAP;A;2014;25691527335;
HUN;GDP;TOT;USD_CAP;A;2015;26798854228;
HUN;GDP;TOT;USD_CAP;A;2016;27941926751;
HUN;GDP;TOT;USD_CAP;A;2017;29496163748;
HUN;GDP;TOT;USD_CAP;A;2018;31908863431;
HUN;GDP;TOT;USD_CAP;A;2019;34645565383;
HUN;GDP;TOT;USD_CAP;A;2020;34169922355;
HUN;GDP;TOT;USD_CAP;A;2021;36773313939;P
HUN;GDP;TOT;USD_CAP;A;2022;42665113312;P
ISL;GDP;TOT;USD_CAP;A;1994;23565561035;E
ISL;GDP;TOT;USD_CAP;A;1995;23961642436;
ISL;GDP;TOT;USD_CAP;A;1996;24777213985;
ISL;GDP;TOT;USD_CAP;A;1997;26895631883;
ISL;GDP;TOT;USD_CAP;A;1998;28747691475;
ISL;GDP;TOT;USD_CAP;A;1999;29576841574;
ISL;GDP;TOT;USD_CAP;A;2000;29785366302;
ISL;GDP;TOT;USD_CAP;A;2001;318673852;
ISL;GDP;TOT;USD_CAP;A;2002;32598376021;
ISL;GDP;TOT;USD_CAP;A;2003;32725872765;
ISL;GDP;TOT;USD_CAP;A;2004;3555237688;
ISL;GDP;TOT;USD_CAP;A;2005;37427934965;
ISL;GDP;TOT;USD_CAP;A;2006;39630186916;
ISL;GDP;TOT;USD_CAP;A;2007;41490779915;
ISL;GDP;TOT;USD_CAP;A;2008;43456216759;
ISL;GDP;TOT;USD_CAP;A;2009;41772679994;
ISL;GDP;TOT;USD_CAP;A;2010;3977839158;
ISL;GDP;TOT;USD_CAP;A;2011;40938664549;
ISL;GDP;TOT;USD_CAP;A;2012;42006543346;
ISL;GDP;TOT;USD_CAP;A;2013;44404731588;
ISL;GDP;TOT;USD_CAP;A;2014;45995001692;
ISL;GDP;TOT;USD_CAP;A;2015;49203294991;
ISL;GDP;TOT;USD_CAP;A;2016;53486615773;
ISL;GDP;TOT;USD_CAP;A;2017;55638491978;
ISL;GDP;TOT;USD_CAP;A;2018;57201173335;
ISL;GDP;TOT;USD_CAP;A;2019;59601931544;
ISL;GDP;TOT;USD_CAP;A;2020;54298422112;
ISL;GDP;TOT;USD_CAP;A;2021;58198487788;
ISL;GDP;TOT;USD_CAP;A;2022;66637981044;E
IRL;GDP;TOT;USD_CAP;A;1994;1703310406;E
IRL;GDP;TOT;USD_CAP;A;1995;18984723418;
IRL;GDP;TOT;USD_CAP;A;1996;20545555253;
IRL;GDP;TOT;USD_CAP;A;1997;2269718869;
IRL;GDP;TOT;USD_CAP;A;1998;25083079224;
IRL;GDP;TOT;USD_CAP;A;1999;27041428204;
IRL;GDP;TOT;USD_CAP;A;2000;30218776099;
IRL;GDP;TOT;USD_CAP;A;2001;3259417983;
IRL;GDP;TOT;USD_CAP;A;2002;3522281925;
IRL;GDP;TOT;USD_CAP;A;2003;36280535976;
IRL;GDP;TOT;USD_CAP;A;2004;38761427777;
IRL;GDP;TOT;USD_CAP;A;2005;40465316509;
IRL;GDP;TOT;USD_CAP;A;2006;44268552868;
IRL;GDP;TOT;USD_CAP;A;2007;46766183807;
IRL;GDP;TOT;USD_CAP;A;2008;44105364476;
IRL;GDP;TOT;USD_CAP;A;2009;41436941843;
IRL;GDP;TOT;USD_CAP;A;2010;43211902863;
IRL;GDP;TOT;USD_CAP;A;2011;45100566928;
IRL;GDP;TOT;USD_CAP;A;2012;46409672305;
IRL;GDP;TOT;USD_CAP;A;2013;47882067704;
IRL;GDP;TOT;USD_CAP;A;2014;51195980951;
IRL;GDP;TOT;USD_CAP;A;2015;69165900652;
IRL;GDP;TOT;USD_CAP;A;2016;71633128805;
IRL;GDP;TOT;USD_CAP;A;2017;78051654251;
IRL;GDP;TOT;USD_CAP;A;2018;84824335541;
IRL;GDP;TOT;USD_CAP;A;2019;89846694028;
IRL;GDP;TOT;USD_CAP;A;2020;94037963161;
IRL;GDP;TOT;USD_CAP;A;2021;1,06879E+11;
IRL;GDP;TOT;USD_CAP;A;2022;1,28343E+11;
ITA;GDP;TOT;USD_CAP;A;1994;21320510106;E
ITA;GDP;TOT;USD_CAP;A;1995;22395619943;
ITA;GDP;TOT;USD_CAP;A;1996;23058967635;
ITA;GDP;TOT;USD_CAP;A;1997;23875770827;
ITA;GDP;TOT;USD_CAP;A;1998;25021680907;
ITA;GDP;TOT;USD_CAP;A;1999;25602386484;
ITA;GDP;TOT;USD_CAP;A;2000;27077647701;
ITA;GDP;TOT;USD_CAP;A;2001;28036302758;
ITA;GDP;TOT;USD_CAP;A;2002;28721076279;
ITA;GDP;TOT;USD_CAP;A;2003;29154663843;
ITA;GDP;TOT;USD_CAP;A;2004;29481853691;
ITA;GDP;TOT;USD_CAP;A;2005;30028488979;
ITA;GDP;TOT;USD_CAP;A;2006;32309294219;
ITA;GDP;TOT;USD_CAP;A;2007;33960788711;
ITA;GDP;TOT;USD_CAP;A;2008;35292601856;
ITA;GDP;TOT;USD_CAP;A;2009;34335925384;
ITA;GDP;TOT;USD_CAP;A;2010;34838135774;
ITA;GDP;TOT;USD_CAP;A;2011;36203328522;
ITA;GDP;TOT;USD_CAP;A;2012;36091373957;
ITA;GDP;TOT;USD_CAP;A;2013;36267925352;
ITA;GDP;TOT;USD_CAP;A;2014;36475976061;
ITA;GDP;TOT;USD_CAP;A;2015;37206331822;
ITA;GDP;TOT;USD_CAP;A;2016;40267222623;
ITA;GDP;TOT;USD_CAP;A;2017;41951466331;
ITA;GDP;TOT;USD_CAP;A;2018;43427663143;
ITA;GDP;TOT;USD_CAP;A;2019;45799741922;
ITA;GDP;TOT;USD_CAP;A;2020;43144404157;
ITA;GDP;TOT;USD_CAP;A;2021;46686423758;
ITA;GDP;TOT;USD_CAP;A;2022;52461180226;
JPN;GDP;TOT;USD_CAP;A;1994;22834751706;
JPN;GDP;TOT;USD_CAP;A;1995;23865913636;
JPN;GDP;TOT;USD_CAP;A;1996;25009682085;
JPN;GDP;TOT;USD_CAP;A;1997;25629420659;
JPN;GDP;TOT;USD_CAP;A;1998;25520196541;
JPN;GDP;TOT;USD_CAP;A;1999;25744916581;
JPN;GDP;TOT;USD_CAP;A;2000;27289851934;
JPN;GDP;TOT;USD_CAP;A;2001;27946083138;
JPN;GDP;TOT;USD_CAP;A;2002;2863369892;
JPN;GDP;TOT;USD_CAP;A;2003;29411592882;
JPN;GDP;TOT;USD_CAP;A;2004;30837175423;
JPN;GDP;TOT;USD_CAP;A;2005;32174400107;
JPN;GDP;TOT;USD_CAP;A;2006;33638841255;
JPN;GDP;TOT;USD_CAP;A;2007;35021732224;
JPN;GDP;TOT;USD_CAP;A;2008;35278749846;
JPN;GDP;TOT;USD_CAP;A;2009;33550689549;
JPN;GDP;TOT;USD_CAP;A;2010;35342824721;
JPN;GDP;TOT;USD_CAP;A;2011;36215006272;
JPN;GDP;TOT;USD_CAP;A;2012;37628675989;
JPN;GDP;TOT;USD_CAP;A;2013;39436682585;
JPN;GDP;TOT;USD_CAP;A;2014;39559763471;
JPN;GDP;TOT;USD_CAP;A;2015;40908781547;
JPN;GDP;TOT;USD_CAP;A;2016;40642704531;
JPN;GDP;TOT;USD_CAP;A;2017;41531221619;
JPN;GDP;TOT;USD_CAP;A;2018;42264585123;
JPN;GDP;TOT;USD_CAP;A;2019;42427125075;
JPN;GDP;TOT;USD_CAP;A;2020;41867153393;
JPN;GDP;TOT;USD_CAP;A;2021;42895146536;
JPN;GDP;TOT;USD_CAP;A;2022;46768040237;E
KOR;GDP;TOT;USD_CAP;A;1994;12187129391;
KOR;GDP;TOT;USD_CAP;A;1995;13502580041;
KOR;GDP;TOT;USD_CAP;A;1996;14693993279;
KOR;GDP;TOT;USD_CAP;A;1997;15721561966;
KOR;GDP;TOT;USD_CAP;A;1998;14974498788;
KOR;GDP;TOT;USD_CAP;A;1999;16807013023;
KOR;GDP;TOT;USD_CAP;A;2000;18538879306;
KOR;GDP;TOT;USD_CAP;A;2001;19724494236;
KOR;GDP;TOT;USD_CAP;A;2002;21396719189;
KOR;GDP;TOT;USD_CAP;A;2003;22096023078;
KOR;GDP;TOT;USD_CAP;A;2004;23773590825;
KOR;GDP;TOT;USD_CAP;A;2005;25186638103;
KOR;GDP;TOT;USD_CAP;A;2006;26884429402;
KOR;GDP;TOT;USD_CAP;A;2007;29064701966;
KOR;GDP;TOT;USD_CAP;A;2008;29945899216;
KOR;GDP;TOT;USD_CAP;A;2009;29508282758;
KOR;GDP;TOT;USD_CAP;A;2010;31736700156;
KOR;GDP;TOT;USD_CAP;A;2011;32546517725;
KOR;GDP;TOT;USD_CAP;A;2012;33557030447;
KOR;GDP;TOT;USD_CAP;A;2013;34244239492;
KOR;GDP;TOT;USD_CAP;A;2014;35324260296;
KOR;GDP;TOT;USD_CAP;A;2015;37902361018;
KOR;GDP;TOT;USD_CAP;A;2016;39575302078;
KOR;GDP;TOT;USD_CAP;A;2017;40957347064;
KOR;GDP;TOT;USD_CAP;A;2018;43044340145;
KOR;GDP;TOT;USD_CAP;A;2019;43410152957;
KOR;GDP;TOT;USD_CAP;A;2020;44694939796;
KOR;GDP;TOT;USD_CAP;A;2021;46875178673;P
KOR;GDP;TOT;USD_CAP;A;2022;50897011634;E
LUX;GDP;TOT;USD_CAP;A;1994;3747056032;E
LUX;GDP;TOT;USD_CAP;A;1995;38264055484;
LUX;GDP;TOT;USD_CAP;A;1996;39698631118;
LUX;GDP;TOT;USD_CAP;A;1997;42445028526;
LUX;GDP;TOT;USD_CAP;A;1998;44216958269;
LUX;GDP;TOT;USD_CAP;A;1999;4974496918;
LUX;GDP;TOT;USD_CAP;A;2000;55042757729;
LUX;GDP;TOT;USD_CAP;A;2001;56093167605;
LUX;GDP;TOT;USD_CAP;A;2002;58513393595;
LUX;GDP;TOT;USD_CAP;A;2003;60115443332;
LUX;GDP;TOT;USD_CAP;A;2004;64634098463;
LUX;GDP;TOT;USD_CAP;A;2005;68707781706;
LUX;GDP;TOT;USD_CAP;A;2006;78825366846;
LUX;GDP;TOT;USD_CAP;A;2007;8499547876;
LUX;GDP;TOT;USD_CAP;A;2008;90863784075;
LUX;GDP;TOT;USD_CAP;A;2009;86800873477;
LUX;GDP;TOT;USD_CAP;A;2010;90252977242;
LUX;GDP;TOT;USD_CAP;A;2011;94278922851;
LUX;GDP;TOT;USD_CAP;A;2012;96535745828;
LUX;GDP;TOT;USD_CAP;A;2013;1,00561E+11;
LUX;GDP;TOT;USD_CAP;A;2014;1,04918E+11;
LUX;GDP;TOT;USD_CAP;A;2015;1,07898E+11;
LUX;GDP;TOT;USD_CAP;A;2016;1,12955E+11;
LUX;GDP;TOT;USD_CAP;A;2017;1,14863E+11;
LUX;GDP;TOT;USD_CAP;A;2018;1,16335E+11;
LUX;GDP;TOT;USD_CAP;A;2019;1,19253E+11;
LUX;GDP;TOT;USD_CAP;A;2020;1,19883E+11;
LUX;GDP;TOT;USD_CAP;A;2021;1,31311E+11;
LUX;GDP;TOT;USD_CAP;A;2022;1,43394E+11;P
MEX;GDP;TOT;USD_CAP;A;1994;8736564824;
MEX;GDP;TOT;USD_CAP;A;1995;8231658739;
MEX;GDP;TOT;USD_CAP;A;1996;8820661494;
MEX;GDP;TOT;USD_CAP;A;1997;9456139259;
MEX;GDP;TOT;USD_CAP;A;1998;9925675065;
MEX;GDP;TOT;USD_CAP;A;1999;10216053137;
MEX;GDP;TOT;USD_CAP;A;2000;10870092123;
MEX;GDP;TOT;USD_CAP;A;2001;10937137897;
MEX;GDP;TOT;USD_CAP;A;2002;10999980338;
MEX;GDP;TOT;USD_CAP;A;2003;11308492366;
MEX;GDP;TOT;USD_CAP;A;2004;11926995989;
MEX;GDP;TOT;USD_CAP;A;2005;12521726831;
MEX;GDP;TOT;USD_CAP;A;2006;13703791516;
MEX;GDP;TOT;USD_CAP;A;2007;14215817736;
MEX;GDP;TOT;USD_CAP;A;2008;14859233988;
MEX;GDP;TOT;USD_CAP;A;2009;14497970039;
MEX;GDP;TOT;USD_CAP;A;2010;15228501123;
MEX;GDP;TOT;USD_CAP;A;2011;16521774435;
MEX;GDP;TOT;USD_CAP;A;2012;17195057014;
MEX;GDP;TOT;USD_CAP;A;2013;17437042083;
MEX;GDP;TOT;USD_CAP;A;2014;18153351036;
MEX;GDP;TOT;USD_CAP;A;2015;18430218897;
MEX;GDP;TOT;USD_CAP;A;2016;19791259772;
MEX;GDP;TOT;USD_CAP;A;2017;20201856549;
MEX;GDP;TOT;USD_CAP;A;2018;20561246895;
MEX;GDP;TOT;USD_CAP;A;2019;20244557477;
MEX;GDP;TOT;USD_CAP;A;2020;18465575374;P
MEX;GDP;TOT;USD_CAP;A;2021;19438782132;P
MEX;GDP;TOT;USD_CAP;A;2022;2093071573;E
NLD;GDP;TOT;USD_CAP;A;1994;2238536949;E
NLD;GDP;TOT;USD_CAP;A;1995;23446992702;
NLD;GDP;TOT;USD_CAP;A;1996;24516321498;
NLD;GDP;TOT;USD_CAP;A;1997;26016402029;
NLD;GDP;TOT;USD_CAP;A;1998;27709973769;
NLD;GDP;TOT;USD_CAP;A;1999;29268685491;
NLD;GDP;TOT;USD_CAP;A;2000;31875989055;
NLD;GDP;TOT;USD_CAP;A;2001;33186914167;
NLD;GDP;TOT;USD_CAP;A;2002;34447053372;
NLD;GDP;TOT;USD_CAP;A;2003;34151984046;
NLD;GDP;TOT;USD_CAP;A;2004;3580949984;
NLD;GDP;TOT;USD_CAP;A;2005;37625252435;
NLD;GDP;TOT;USD_CAP;A;2006;41011393578;
NLD;GDP;TOT;USD_CAP;A;2007;43943909747;
NLD;GDP;TOT;USD_CAP;A;2008;46419042594;
NLD;GDP;TOT;USD_CAP;A;2009;44558440255;
NLD;GDP;TOT;USD_CAP;A;2010;45042666206;
NLD;GDP;TOT;USD_CAP;A;2011;46599227659;
NLD;GDP;TOT;USD_CAP;A;2012;47271968226;
NLD;GDP;TOT;USD_CAP;A;2013;49242786711;
NLD;GDP;TOT;USD_CAP;A;2014;49233230349;
NLD;GDP;TOT;USD_CAP;A;2015;50288352815;
NLD;GDP;TOT;USD_CAP;A;2016;52289404292;
NLD;GDP;TOT;USD_CAP;A;2017;5508958143;
NLD;GDP;TOT;USD_CAP;A;2018;57825399708;
NLD;GDP;TOT;USD_CAP;A;2019;602079957;
NLD;GDP;TOT;USD_CAP;A;2020;59821266235;P
NLD;GDP;TOT;USD_CAP;A;2021;63369162705;P
NLD;GDP;TOT;USD_CAP;A;2022;70966057612;P
NZL;GDP;TOT;USD_CAP;A;1994;16979530269;
NZL;GDP;TOT;USD_CAP;A;1995;17794738286;
NZL;GDP;TOT;USD_CAP;A;1996;18361651551;
NZL;GDP;TOT;USD_CAP;A;1997;19070601713;
NZL;GDP;TOT;USD_CAP;A;1998;19284721024;
NZL;GDP;TOT;USD_CAP;A;1999;20537595625;
NZL;GDP;TOT;USD_CAP;A;2000;2145917077;
NZL;GDP;TOT;USD_CAP;A;2001;22416669949;
NZL;GDP;TOT;USD_CAP;A;2002;23180064981;
NZL;GDP;TOT;USD_CAP;A;2003;23885100687;
NZL;GDP;TOT;USD_CAP;A;2004;25018845662;
NZL;GDP;TOT;USD_CAP;A;2005;25590127446;
NZL;GDP;TOT;USD_CAP;A;2006;27652794356;
NZL;GDP;TOT;USD_CAP;A;2007;29252862789;
NZL;GDP;TOT;USD_CAP;A;2008;29748931565;
NZL;GDP;TOT;USD_CAP;A;2009;30570163361;
NZL;GDP;TOT;USD_CAP;A;2010;3113814575;
NZL;GDP;TOT;USD_CAP;A;2011;32638103325;
NZL;GDP;TOT;USD_CAP;A;2012;3291691304;
NZL;GDP;TOT;USD_CAP;A;2013;36084865782;
NZL;GDP;TOT;USD_CAP;A;2014;37084794142;
NZL;GDP;TOT;USD_CAP;A;2015;37246951138;
NZL;GDP;TOT;USD_CAP;A;2016;39696946073;
NZL;GDP;TOT;USD_CAP;A;2017;41994487818;
NZL;GDP;TOT;USD_CAP;A;2018;42320906448;
NZL;GDP;TOT;USD_CAP;A;2019;45518307468;
NZL;GDP;TOT;USD_CAP;A;2020;45457178769;
NZL;GDP;TOT;USD_CAP;A;2021;47981692244;
NZL;GDP;TOT;USD_CAP;A;2022;52241675824;E
NOR;GDP;TOT;USD_CAP;A;1994;23026472633;
NOR;GDP;TOT;USD_CAP;A;1995;24362694577;
NOR;GDP;TOT;USD_CAP;A;1996;26827754488;
NOR;GDP;TOT;USD_CAP;A;1997;28609607256;
NOR;GDP;TOT;USD_CAP;A;1998;28202236134;
NOR;GDP;TOT;USD_CAP;A;1999;30573137341;
NOR;GDP;TOT;USD_CAP;A;2000;3698865878;
NOR;GDP;TOT;USD_CAP;A;2001;37827470761;
NOR;GDP;TOT;USD_CAP;A;2002;38057575494;
NOR;GDP;TOT;USD_CAP;A;2003;38683295646;
NOR;GDP;TOT;USD_CAP;A;2004;42671129526;
NOR;GDP;TOT;USD_CAP;A;2005;47969885364;
NOR;GDP;TOT;USD_CAP;A;2006;54362236354;
NOR;GDP;TOT;USD_CAP;A;2007;56177479845;
NOR;GDP;TOT;USD_CAP;A;2008;62075513764;
NOR;GDP;TOT;USD_CAP;A;2009;55617679797;
NOR;GDP;TOT;USD_CAP;A;2010;58229713025;
NOR;GDP;TOT;USD_CAP;A;2011;6246120278;
NOR;GDP;TOT;USD_CAP;A;2012;65768753269;
NOR;GDP;TOT;USD_CAP;A;2013;67372928181;
NOR;GDP;TOT;USD_CAP;A;2014;66335459647;
NOR;GDP;TOT;USD_CAP;A;2015;60721583813;
NOR;GDP;TOT;USD_CAP;A;2016;59263430471;
NOR;GDP;TOT;USD_CAP;A;2017;64589163172;
NOR;GDP;TOT;USD_CAP;A;2018;70252735449;
NOR;GDP;TOT;USD_CAP;A;2019;6991501766;
NOR;GDP;TOT;USD_CAP;A;2020;65135920669;
NOR;GDP;TOT;USD_CAP;A;2021;81871642989;
NOR;GDP;TOT;USD_CAP;A;2022;95026796239;
POL;GDP;TOT;USD_CAP;A;1994;7101438382;E
POL;GDP;TOT;USD_CAP;A;1995;7749823854;
POL;GDP;TOT;USD_CAP;A;1996;8350588468;
POL;GDP;TOT;USD_CAP;A;1997;9020076691;
POL;GDP;TOT;USD_CAP;A;1998;9582019738;
POL;GDP;TOT;USD_CAP;A;1999;1014329528;
POL;GDP;TOT;USD_CAP;A;2000;10674914757;
POL;GDP;TOT;USD_CAP;A;2001;11120999556;
POL;GDP;TOT;USD_CAP;A;2002;11803761357;
POL;GDP;TOT;USD_CAP;A;2003;12292161883;
POL;GDP;TOT;USD_CAP;A;2004;13354532874;
POL;GDP;TOT;USD_CAP;A;2005;13898413011;
POL;GDP;TOT;USD_CAP;A;2006;15155041822;
POL;GDP;TOT;USD_CAP;A;2007;16806970491;
POL;GDP;TOT;USD_CAP;A;2008;18308038986;
POL;GDP;TOT;USD_CAP;A;2009;19074444446;
POL;GDP;TOT;USD_CAP;A;2010;20632568496;
POL;GDP;TOT;USD_CAP;A;2011;22386227115;
POL;GDP;TOT;USD_CAP;A;2012;23300922905;
POL;GDP;TOT;USD_CAP;A;2013;24028186721;
POL;GDP;TOT;USD_CAP;A;2014;25005655694;
POL;GDP;TOT;USD_CAP;A;2015;26495814917;
POL;GDP;TOT;USD_CAP;A;2016;27830927735;
POL;GDP;TOT;USD_CAP;A;2017;29609446369;
POL;GDP;TOT;USD_CAP;A;2018;31662210541;
POL;GDP;TOT;USD_CAP;A;2019;34592873746;
POL;GDP;TOT;USD_CAP;A;2020;348968226;
POL;GDP;TOT;USD_CAP;A;2021;37825969449;
POL;GDP;TOT;USD_CAP;A;2022;43605589759;B
PRT;GDP;TOT;USD_CAP;A;1994;13570077182;E
PRT;GDP;TOT;USD_CAP;A;1995;14407066402;
PRT;GDP;TOT;USD_CAP;A;1996;1492173824;
PRT;GDP;TOT;USD_CAP;A;1997;15788630619;
PRT;GDP;TOT;USD_CAP;A;1998;16687438971;
PRT;GDP;TOT;USD_CAP;A;1999;17718199563;
PRT;GDP;TOT;USD_CAP;A;2000;1888030375;
PRT;GDP;TOT;USD_CAP;A;2001;19528689533;
PRT;GDP;TOT;USD_CAP;A;2002;20356721555;
PRT;GDP;TOT;USD_CAP;A;2003;2085218351;
PRT;GDP;TOT;USD_CAP;A;2004;21477874489;
PRT;GDP;TOT;USD_CAP;A;2005;22725351606;
PRT;GDP;TOT;USD_CAP;A;2006;24681096076;
PRT;GDP;TOT;USD_CAP;A;2007;25736276906;
PRT;GDP;TOT;USD_CAP;A;2008;26665771577;
PRT;GDP;TOT;USD_CAP;A;2009;26459287172;
PRT;GDP;TOT;USD_CAP;A;2010;27260554162;
PRT;GDP;TOT;USD_CAP;A;2011;2676942769;
PRT;GDP;TOT;USD_CAP;A;2012;26438140472;
PRT;GDP;TOT;USD_CAP;A;2013;27936006299;
PRT;GDP;TOT;USD_CAP;A;2014;28742313125;
PRT;GDP;TOT;USD_CAP;A;2015;29660845901;
PRT;GDP;TOT;USD_CAP;A;2016;31607610185;
PRT;GDP;TOT;USD_CAP;A;2017;3304470015;
PRT;GDP;TOT;USD_CAP;A;2018;3492861899;
PRT;GDP;TOT;USD_CAP;A;2019;37299182306;
PRT;GDP;TOT;USD_CAP;A;2020;3495561156;
PRT;GDP;TOT;USD_CAP;A;2021;36770297858;P
PRT;GDP;TOT;USD_CAP;A;2022;42341460754;P
SVK;GDP;TOT;USD_CAP;A;1994;8071649735;E
SVK;GDP;TOT;USD_CAP;A;1995;8695696416;
SVK;GDP;TOT;USD_CAP;A;1996;9406977202;
SVK;GDP;TOT;USD_CAP;A;1997;10085768534;
SVK;GDP;TOT;USD_CAP;A;1998;10622627325;
SVK;GDP;TOT;USD_CAP;A;1999;10714989611;
SVK;GDP;TOT;USD_CAP;A;2000;1135350553;
SVK;GDP;TOT;USD_CAP;A;2001;12386833868;
SVK;GDP;TOT;USD_CAP;A;2002;13307878099;
SVK;GDP;TOT;USD_CAP;A;2003;14166120035;
SVK;GDP;TOT;USD_CAP;A;2004;15197889535;
SVK;GDP;TOT;USD_CAP;A;2005;16595261602;
SVK;GDP;TOT;USD_CAP;A;2006;18850138473;
SVK;GDP;TOT;USD_CAP;A;2007;21138750634;
SVK;GDP;TOT;USD_CAP;A;2008;23608977522;
SVK;GDP;TOT;USD_CAP;A;2009;2294725335;
SVK;GDP;TOT;USD_CAP;A;2010;25221414441;
SVK;GDP;TOT;USD_CAP;A;2011;26260184756;
SVK;GDP;TOT;USD_CAP;A;2012;27000730262;
SVK;GDP;TOT;USD_CAP;A;2013;28021090416;
SVK;GDP;TOT;USD_CAP;A;2014;29029587681;
SVK;GDP;TOT;USD_CAP;A;2015;30062179649;
SVK;GDP;TOT;USD_CAP;A;2016;2973753009;
SVK;GDP;TOT;USD_CAP;A;2017;30147015977;
SVK;GDP;TOT;USD_CAP;A;2018;31374187996;
SVK;GDP;TOT;USD_CAP;A;2019;33462069969;
SVK;GDP;TOT;USD_CAP;A;2020;32902023587;
SVK;GDP;TOT;USD_CAP;A;2021;33950002255;
SVK;GDP;TOT;USD_CAP;A;2022;36704186829;
ESP;GDP;TOT;USD_CAP;A;1994;15550196517;E
ESP;GDP;TOT;USD_CAP;A;1995;1629047236;
ESP;GDP;TOT;USD_CAP;A;1996;16982180204;
ESP;GDP;TOT;USD_CAP;A;1997;17916032165;
ESP;GDP;TOT;USD_CAP;A;1998;19101544588;
ESP;GDP;TOT;USD_CAP;A;1999;19962792109;
ESP;GDP;TOT;USD_CAP;A;2000;21595594901;
ESP;GDP;TOT;USD_CAP;A;2001;23001078439;
ESP;GDP;TOT;USD_CAP;A;2002;2437632871;
ESP;GDP;TOT;USD_CAP;A;2003;2504228983;
ESP;GDP;TOT;USD_CAP;A;2004;26182039287;
ESP;GDP;TOT;USD_CAP;A;2005;27600937175;
ESP;GDP;TOT;USD_CAP;A;2006;30743713954;
ESP;GDP;TOT;USD_CAP;A;2007;32467040986;
ESP;GDP;TOT;USD_CAP;A;2008;33242245427;
ESP;GDP;TOT;USD_CAP;A;2009;32089527557;
ESP;GDP;TOT;USD_CAP;A;2010;31690887692;
ESP;GDP;TOT;USD_CAP;A;2011;31872363088;
ESP;GDP;TOT;USD_CAP;A;2012;31724785352;
ESP;GDP;TOT;USD_CAP;A;2013;32463123679;
ESP;GDP;TOT;USD_CAP;A;2014;33558976673;
ESP;GDP;TOT;USD_CAP;A;2015;34945481614;
ESP;GDP;TOT;USD_CAP;A;2016;3733306491;
ESP;GDP;TOT;USD_CAP;A;2017;39601479631;
ESP;GDP;TOT;USD_CAP;A;2018;40776768298;
ESP;GDP;TOT;USD_CAP;A;2019;43135741954;
ESP;GDP;TOT;USD_CAP;A;2020;37996030376;P
ESP;GDP;TOT;USD_CAP;A;2021;40734338665;P
ESP;GDP;TOT;USD_CAP;A;2022;46747557086;P
SWE;GDP;TOT;USD_CAP;A;1994;21890359829;
SWE;GDP;TOT;USD_CAP;A;1995;23107289788;
SWE;GDP;TOT;USD_CAP;A;1996;23934105538;
SWE;GDP;TOT;USD_CAP;A;1997;24805660052;
SWE;GDP;TOT;USD_CAP;A;1998;25888362392;
SWE;GDP;TOT;USD_CAP;A;1999;27471476497;
SWE;GDP;TOT;USD_CAP;A;2000;29624021363;
SWE;GDP;TOT;USD_CAP;A;2001;29933209602;
SWE;GDP;TOT;USD_CAP;A;2002;30926361002;
SWE;GDP;TOT;USD_CAP;A;2003;31816571723;
SWE;GDP;TOT;USD_CAP;A;2004;33858921497;
SWE;GDP;TOT;USD_CAP;A;2005;34244359285;
SWE;GDP;TOT;USD_CAP;A;2006;37727725135;
SWE;GDP;TOT;USD_CAP;A;2007;40910324397;
SWE;GDP;TOT;USD_CAP;A;2008;42158296425;
SWE;GDP;TOT;USD_CAP;A;2009;40279878892;
SWE;GDP;TOT;USD_CAP;A;2010;42221760198;
SWE;GDP;TOT;USD_CAP;A;2011;44608584887;
SWE;GDP;TOT;USD_CAP;A;2012;45432431014;
SWE;GDP;TOT;USD_CAP;A;2013;46312397402;
SWE;GDP;TOT;USD_CAP;A;2014;47184673173;
SWE;GDP;TOT;USD_CAP;A;2015;49103131953;
SWE;GDP;TOT;USD_CAP;A;2016;5043025079;
SWE;GDP;TOT;USD_CAP;A;2017;5194795578;
SWE;GDP;TOT;USD_CAP;A;2018;53521635778;
SWE;GDP;TOT;USD_CAP;A;2019;56404297122;
SWE;GDP;TOT;USD_CAP;A;2020;56140551353;
SWE;GDP;TOT;USD_CAP;A;2021;60126822079;
SWE;GDP;TOT;USD_CAP;A;2022;65209039958;
CHE;GDP;TOT;USD_CAP;A;1994;30081756285;
CHE;GDP;TOT;USD_CAP;A;1995;30586359996;
CHE;GDP;TOT;USD_CAP;A;1996;31242609525;
CHE;GDP;TOT;USD_CAP;A;1997;3244080253;
CHE;GDP;TOT;USD_CAP;A;1998;33543644646;
CHE;GDP;TOT;USD_CAP;A;1999;34401809168;
CHE;GDP;TOT;USD_CAP;A;2000;36351765418;
CHE;GDP;TOT;USD_CAP;A;2001;37514754782;
CHE;GDP;TOT;USD_CAP;A;2002;38410604089;
CHE;GDP;TOT;USD_CAP;A;2003;38448713551;
CHE;GDP;TOT;USD_CAP;A;2004;39884900157;
CHE;GDP;TOT;USD_CAP;A;2005;41244643767;
CHE;GDP;TOT;USD_CAP;A;2006;45963055317;
CHE;GDP;TOT;USD_CAP;A;2007;50584577372;
CHE;GDP;TOT;USD_CAP;A;2008;53498013101;
CHE;GDP;TOT;USD_CAP;A;2009;52732723576;
CHE;GDP;TOT;USD_CAP;A;2010;54349191874;
CHE;GDP;TOT;USD_CAP;A;2011;5749356602;
CHE;GDP;TOT;USD_CAP;A;2012;59440934085;
CHE;GDP;TOT;USD_CAP;A;2013;61656490978;
CHE;GDP;TOT;USD_CAP;A;2014;63417043081;
CHE;GDP;TOT;USD_CAP;A;2015;65265050827;
CHE;GDP;TOT;USD_CAP;A;2016;67350735189;
CHE;GDP;TOT;USD_CAP;A;2017;68193502958;
CHE;GDP;TOT;USD_CAP;A;2018;7068884449;
CHE;GDP;TOT;USD_CAP;A;2019;7266872555;
CHE;GDP;TOT;USD_CAP;A;2020;70810837738;
CHE;GDP;TOT;USD_CAP;A;2021;75969787471;
CHE;GDP;TOT;USD_CAP;A;2022;82389515916;
TUR;GDP;TOT;USD_CAP;A;1994;9383676082;E
TUR;GDP;TOT;USD_CAP;A;1995;10111461686;E
TUR;GDP;TOT;USD_CAP;A;1996;10831941802;E
TUR;GDP;TOT;USD_CAP;A;1997;11650893985;E
TUR;GDP;TOT;USD_CAP;A;1998;8937587566;
TUR;GDP;TOT;USD_CAP;A;1999;8625279388;
TUR;GDP;TOT;USD_CAP;A;2000;9476598346;
TUR;GDP;TOT;USD_CAP;A;2001;9143328196;
TUR;GDP;TOT;USD_CAP;A;2002;9279072677;
TUR;GDP;TOT;USD_CAP;A;2003;9597936618;
TUR;GDP;TOT;USD_CAP;A;2004;10884319337;
TUR;GDP;TOT;USD_CAP;A;2005;11910606724;
TUR;GDP;TOT;USD_CAP;A;2006;13640767727;
TUR;GDP;TOT;USD_CAP;A;2007;14864955058;
TUR;GDP;TOT;USD_CAP;A;2008;16038231645;
TUR;GDP;TOT;USD_CAP;A;2009;15442774202;
TUR;GDP;TOT;USD_CAP;A;2010;17345833613;
TUR;GDP;TOT;USD_CAP;A;2011;19590858369;
TUR;GDP;TOT;USD_CAP;A;2012;20627440729;
TUR;GDP;TOT;USD_CAP;A;2013;22373136543;
TUR;GDP;TOT;USD_CAP;A;2014;24104984583;
TUR;GDP;TOT;USD_CAP;A;2015;25855912681;
TUR;GDP;TOT;USD_CAP;A;2016;26695909373;
TUR;GDP;TOT;USD_CAP;A;2017;28193061398;
TUR;GDP;TOT;USD_CAP;A;2018;28281473275;
TUR;GDP;TOT;USD_CAP;A;2019;28011322789;
TUR;GDP;TOT;USD_CAP;A;2020;27973899303;
TUR;GDP;TOT;USD_CAP;A;2021;30679506593;
TUR;GDP;TOT;USD_CAP;A;2022;34945495353;E
GBR;GDP;TOT;USD_CAP;A;1994;19756540612;
GBR;GDP;TOT;USD_CAP;A;1995;20623376945;
GBR;GDP;TOT;USD_CAP;A;1996;21977728879;
GBR;GDP;TOT;USD_CAP;A;1997;23083793065;
GBR;GDP;TOT;USD_CAP;A;1998;23712892603;
GBR;GDP;TOT;USD_CAP;A;1999;2451404251;
GBR;GDP;TOT;USD_CAP;A;2000;26543943289;
GBR;GDP;TOT;USD_CAP;A;2001;27896008476;
GBR;GDP;TOT;USD_CAP;A;2002;29093122226;
GBR;GDP;TOT;USD_CAP;A;2003;30355089943;
GBR;GDP;TOT;USD_CAP;A;2004;32094011385;
GBR;GDP;TOT;USD_CAP;A;2005;32740656139;
GBR;GDP;TOT;USD_CAP;A;2006;34762984729;
GBR;GDP;TOT;USD_CAP;A;2007;35548282364;
GBR;GDP;TOT;USD_CAP;A;2008;36760886189;
GBR;GDP;TOT;USD_CAP;A;2009;35102957298;
GBR;GDP;TOT;USD_CAP;A;2010;36582645405;
GBR;GDP;TOT;USD_CAP;A;2011;37245250086;
GBR;GDP;TOT;USD_CAP;A;2012;38329611081;
GBR;GDP;TOT;USD_CAP;A;2013;39989080724;
GBR;GDP;TOT;USD_CAP;A;2014;41288479526;
GBR;GDP;TOT;USD_CAP;A;2015;42601747441;
GBR;GDP;TOT;USD_CAP;A;2016;44230588833;
GBR;GDP;TOT;USD_CAP;A;2017;46117225681;
GBR;GDP;TOT;USD_CAP;A;2018;47219464771;
GBR;GDP;TOT;USD_CAP;A;2019;49317743237;
GBR;GDP;TOT;USD_CAP;A;2020;45872178273;
GBR;GDP;TOT;USD_CAP;A;2021;49814943016;
GBR;GDP;TOT;USD_CAP;A;2022;55378340705;
USA;GDP;TOT;USD_CAP;A;1994;27660268357;
USA;GDP;TOT;USD_CAP;A;1995;28657512716;
USA;GDP;TOT;USD_CAP;A;1996;29932157767;
USA;GDP;TOT;USD_CAP;A;1997;31424438925;
USA;GDP;TOT;USD_CAP;A;1998;32817981996;
USA;GDP;TOT;USD_CAP;A;1999;34479794364;
USA;GDP;TOT;USD_CAP;A;2000;36299662179;
USA;GDP;TOT;USD_CAP;A;2001;37100285739;
USA;GDP;TOT;USD_CAP;A;2002;37954222014;
USA;GDP;TOT;USD_CAP;A;2003;39419907372;
USA;GDP;TOT;USD_CAP;A;2004;41659662691;
USA;GDP;TOT;USD_CAP;A;2005;44052382996;
USA;GDP;TOT;USD_CAP;A;2006;4623410571;
USA;GDP;TOT;USD_CAP;A;2007;47976201209;
USA;GDP;TOT;USD_CAP;A;2008;48498445211;
USA;GDP;TOT;USD_CAP;A;2009;47122988543;
USA;GDP;TOT;USD_CAP;A;2010;48570289731;
USA;GDP;TOT;USD_CAP;A;2011;49951907651;
USA;GDP;TOT;USD_CAP;A;2012;51644991659;
USA;GDP;TOT;USD_CAP;A;2013;53116521969;
USA;GDP;TOT;USD_CAP;A;2014;54914368228;
USA;GDP;TOT;USD_CAP;A;2015;56520609227;
USA;GDP;TOT;USD_CAP;A;2016;57592691515;
USA;GDP;TOT;USD_CAP;A;2017;59589233923;
USA;GDP;TOT;USD_CAP;A;2018;62449612827;
USA;GDP;TOT;USD_CAP;A;2019;64690272395;
USA;GDP;TOT;USD_CAP;A;2020;63480861222;
USA;GDP;TOT;USD_CAP;A;2021;7018112175;
USA;GDP;TOT;USD_CAP;A;2022;7635999952;E
CHL;GDP;TOT;USD_CAP;A;1994;6653874731;E
CHL;GDP;TOT;USD_CAP;A;1995;7388386052;E
CHL;GDP;TOT;USD_CAP;A;1996;7970381483;
CHL;GDP;TOT;USD_CAP;A;1997;8589098315;
CHL;GDP;TOT;USD_CAP;A;1998;8927892867;
CHL;GDP;TOT;USD_CAP;A;1999;8909771365;
CHL;GDP;TOT;USD_CAP;A;2000;9440041965;
CHL;GDP;TOT;USD_CAP;A;2001;9845972269;
CHL;GDP;TOT;USD_CAP;A;2002;10205704047;
CHL;GDP;TOT;USD_CAP;A;2003;10779638668;
CHL;GDP;TOT;USD_CAP;A;2004;11682599533;
CHL;GDP;TOT;USD_CAP;A;2005;12600905817;
CHL;GDP;TOT;USD_CAP;A;2006;15589157511;
CHL;GDP;TOT;USD_CAP;A;2007;16771182748;
CHL;GDP;TOT;USD_CAP;A;2008;16449614266;
CHL;GDP;TOT;USD_CAP;A;2009;16028549544;
CHL;GDP;TOT;USD_CAP;A;2010;18041314313;
CHL;GDP;TOT;USD_CAP;A;2011;20235570348;
CHL;GDP;TOT;USD_CAP;A;2012;21458812331;
CHL;GDP;TOT;USD_CAP;A;2013;22295740021;
CHL;GDP;TOT;USD_CAP;A;2014;22650712398;
CHL;GDP;TOT;USD_CAP;A;2015;22563582179;
CHL;GDP;TOT;USD_CAP;A;2016;23384612377;
CHL;GDP;TOT;USD_CAP;A;2017;24479458726;
CHL;GDP;TOT;USD_CAP;A;2018;25496431051;
CHL;GDP;TOT;USD_CAP;A;2019;25509445481;
CHL;GDP;TOT;USD_CAP;A;2020;24738720579;
CHL;GDP;TOT;USD_CAP;A;2021;28070413247;
CHL;GDP;TOT;USD_CAP;A;2022;30256039251;E
CHN;GDP;TOT;USD_CAP;A;1994;165111518;
CHN;GDP;TOT;USD_CAP;A;1995;1850763485;
CHN;GDP;TOT;USD_CAP;A;1996;2050191538;
CHN;GDP;TOT;USD_CAP;A;1997;2255387151;
CHN;GDP;TOT;USD_CAP;A;1998;2437344683;
CHN;GDP;TOT;USD_CAP;A;1999;2639381556;
CHN;GDP;TOT;USD_CAP;A;2000;2906227762;
CHN;GDP;TOT;USD_CAP;A;2001;3197118495;
CHN;GDP;TOT;USD_CAP;A;2002;3520724645;
CHN;GDP;TOT;USD_CAP;A;2003;3926933843;
CHN;GDP;TOT;USD_CAP;A;2004;4414173002;
CHN;GDP;TOT;USD_CAP;A;2005;5041555154;
CHN;GDP;TOT;USD_CAP;A;2006;5827399829;
CHN;GDP;TOT;USD_CAP;A;2007;6801350262;
CHN;GDP;TOT;USD_CAP;A;2008;7562242963;
CHN;GDP;TOT;USD_CAP;A;2009;8285593793;
CHN;GDP;TOT;USD_CAP;A;2010;9232660118;
CHN;GDP;TOT;USD_CAP;A;2011;10261470654;
CHN;GDP;TOT;USD_CAP;A;2012;111273668;
CHN;GDP;TOT;USD_CAP;A;2013;11837589428;
CHN;GDP;TOT;USD_CAP;A;2014;12438630325;
CHN;GDP;TOT;USD_CAP;A;2015;12865800384;
CHN;GDP;TOT;USD_CAP;A;2016;13439508987;
CHN;GDP;TOT;USD_CAP;A;2017;14203909059;
CHN;GDP;TOT;USD_CAP;A;2018;15466329982;
CHN;GDP;TOT;USD_CAP;A;2019;1662452398;
CHN;GDP;TOT;USD_CAP;A;2020;17176865661;
CHN;GDP;TOT;USD_CAP;A;2021;19429069638;
COL;GDP;TOT;USD_CAP;A;1994;6284421448;E
COL;GDP;TOT;USD_CAP;A;1995;6646387322;E
COL;GDP;TOT;USD_CAP;A;1996;6767940573;E
COL;GDP;TOT;USD_CAP;A;1997;7000196798;E
COL;GDP;TOT;USD_CAP;A;1998;7022024884;E
COL;GDP;TOT;USD_CAP;A;1999;6658492888;E
COL;GDP;TOT;USD_CAP;A;2000;6886405819;E
COL;GDP;TOT;USD_CAP;A;2001;7068835584;E
COL;GDP;TOT;USD_CAP;A;2002;7265177903;E
COL;GDP;TOT;USD_CAP;A;2003;7604164565;E
COL;GDP;TOT;USD_CAP;A;2004;8127579576;E
COL;GDP;TOT;USD_CAP;A;2005;8676107355;
COL;GDP;TOT;USD_CAP;A;2006;9433241822;
COL;GDP;TOT;USD_CAP;A;2007;10228188007;
COL;GDP;TOT;USD_CAP;A;2008;10651506633;
COL;GDP;TOT;USD_CAP;A;2009;10720914286;
COL;GDP;TOT;USD_CAP;A;2010;11206221832;
COL;GDP;TOT;USD_CAP;A;2011;12108234854;
COL;GDP;TOT;USD_CAP;A;2012;12530807654;
COL;GDP;TOT;USD_CAP;A;2013;13266002148;
COL;GDP;TOT;USD_CAP;A;2014;13777241959;
COL;GDP;TOT;USD_CAP;A;2015;13762750912;
COL;GDP;TOT;USD_CAP;A;2016;14514224389;
COL;GDP;TOT;USD_CAP;A;2017;14930865719;
COL;GDP;TOT;USD_CAP;A;2018;15814696386;
COL;GDP;TOT;USD_CAP;A;2019;16484762795;
COL;GDP;TOT;USD_CAP;A;2020;15614989482;P
COL;GDP;TOT;USD_CAP;A;2021;17644507027;P
COL;GDP;TOT;USD_CAP;A;2022;20134220259;E
EST;GDP;TOT;USD_CAP;A;1994;590611504;E
EST;GDP;TOT;USD_CAP;A;1995;6428705843;
EST;GDP;TOT;USD_CAP;A;1996;684525294;
EST;GDP;TOT;USD_CAP;A;1997;7942676789;
EST;GDP;TOT;USD_CAP;A;1998;8408654726;
EST;GDP;TOT;USD_CAP;A;1999;8479421302;
EST;GDP;TOT;USD_CAP;A;2000;9394096157;
EST;GDP;TOT;USD_CAP;A;2001;10282280196;
EST;GDP;TOT;USD_CAP;A;2002;11628295949;
EST;GDP;TOT;USD_CAP;A;2003;13090446043;
EST;GDP;TOT;USD_CAP;A;2004;144965298;
EST;GDP;TOT;USD_CAP;A;2005;16584411085;
EST;GDP;TOT;USD_CAP;A;2006;1928835304;
EST;GDP;TOT;USD_CAP;A;2007;22161320259;
EST;GDP;TOT;USD_CAP;A;2008;227800071;
EST;GDP;TOT;USD_CAP;A;2009;20459913173;
EST;GDP;TOT;USD_CAP;A;2010;215887722;
EST;GDP;TOT;USD_CAP;A;2011;2451548857;
EST;GDP;TOT;USD_CAP;A;2012;25946944889;
EST;GDP;TOT;USD_CAP;A;2013;27418689637;
EST;GDP;TOT;USD_CAP;A;2014;28917833656;
EST;GDP;TOT;USD_CAP;A;2015;29222748082;
EST;GDP;TOT;USD_CAP;A;2016;31310152103;
EST;GDP;TOT;USD_CAP;A;2017;33867803542;
EST;GDP;TOT;USD_CAP;A;2018;36488637421;
EST;GDP;TOT;USD_CAP;A;2019;39068367072;
EST;GDP;TOT;USD_CAP;A;2020;39460614767;
EST;GDP;TOT;USD_CAP;A;2021;43505074864;
EST;GDP;TOT;USD_CAP;A;2022;47721323033;
IND;GDP;TOT;USD_CAP;A;2004;2739533445;E
IND;GDP;TOT;USD_CAP;A;2005;3000451298;E
IND;GDP;TOT;USD_CAP;A;2006;3270577904;E
IND;GDP;TOT;USD_CAP;A;2007;3595935021;E
IND;GDP;TOT;USD_CAP;A;2008;37365116;E
IND;GDP;TOT;USD_CAP;A;2009;3986846641;E
IND;GDP;TOT;USD_CAP;A;2010;4296234885;E
IND;GDP;TOT;USD_CAP;A;2011;4605230111;
IND;GDP;TOT;USD_CAP;A;2012;4982312076;
IND;GDP;TOT;USD_CAP;A;2013;5177871752;
IND;GDP;TOT;USD_CAP;A;2014;5352029977;
IND;GDP;TOT;USD_CAP;A;2015;5580513112;
IND;GDP;TOT;USD_CAP;A;2016;5954581745;
IND;GDP;TOT;USD_CAP;A;2017;6299036721;
IND;GDP;TOT;USD_CAP;A;2018;6793930695;
IND;GDP;TOT;USD_CAP;A;2019;7201553849;
IDN;GDP;TOT;USD_CAP;A;1994;5163947679;E
IDN;GDP;TOT;USD_CAP;A;1995;5626973464;E
IDN;GDP;TOT;USD_CAP;A;1996;6092837087;E
IDN;GDP;TOT;USD_CAP;A;1997;6399757831;E
IDN;GDP;TOT;USD_CAP;A;1998;5544770687;E
IDN;GDP;TOT;USD_CAP;A;1999;5589284689;E
IDN;GDP;TOT;USD_CAP;A;2000;5346208518;E
IDN;GDP;TOT;USD_CAP;A;2001;5581000745;E
IDN;GDP;TOT;USD_CAP;A;2002;5834329978;E
IDN;GDP;TOT;USD_CAP;A;2003;6140548539;E
IDN;GDP;TOT;USD_CAP;A;2004;6523443419;E
IDN;GDP;TOT;USD_CAP;A;2005;7004536555;E
IDN;GDP;TOT;USD_CAP;A;2006;7503813828;E
IDN;GDP;TOT;USD_CAP;A;2007;8072884738;E
IDN;GDP;TOT;USD_CAP;A;2008;8591910163;
IDN;GDP;TOT;USD_CAP;A;2009;8733204968;
IDN;GDP;TOT;USD_CAP;A;2010;8624923947;
IDN;GDP;TOT;USD_CAP;A;2011;9213212405;
IDN;GDP;TOT;USD_CAP;A;2012;9833689555;
IDN;GDP;TOT;USD_CAP;A;2013;10188331849;
IDN;GDP;TOT;USD_CAP;A;2014;10398959732;
IDN;GDP;TOT;USD_CAP;A;2015;10359295932;
IDN;GDP;TOT;USD_CAP;A;2016;10618699441;
IDN;GDP;TOT;USD_CAP;A;2017;11073520666;
IDN;GDP;TOT;USD_CAP;A;2018;11798060552;
IDN;GDP;TOT;USD_CAP;A;2019;12481910741;
IDN;GDP;TOT;USD_CAP;A;2020;12224985526;
IDN;GDP;TOT;USD_CAP;A;2021;13083000494;
IDN;GDP;TOT;USD_CAP;A;2022;14395433172;
ISR;GDP;TOT;USD_CAP;A;1995;20497520537;
ISR;GDP;TOT;USD_CAP;A;1996;21555834962;
ISR;GDP;TOT;USD_CAP;A;1997;22187596651;
ISR;GDP;TOT;USD_CAP;A;1998;22796286332;
ISR;GDP;TOT;USD_CAP;A;1999;23274799062;
ISR;GDP;TOT;USD_CAP;A;2000;25627717291;
ISR;GDP;TOT;USD_CAP;A;2001;2567007321;
ISR;GDP;TOT;USD_CAP;A;2002;25962204335;
ISR;GDP;TOT;USD_CAP;A;2003;24559388462;
ISR;GDP;TOT;USD_CAP;A;2004;25951202376;
ISR;GDP;TOT;USD_CAP;A;2005;25510654494;
ISR;GDP;TOT;USD_CAP;A;2006;26207596905;
ISR;GDP;TOT;USD_CAP;A;2007;28025232818;
ISR;GDP;TOT;USD_CAP;A;2008;27833891616;
ISR;GDP;TOT;USD_CAP;A;2009;27916348722;
ISR;GDP;TOT;USD_CAP;A;2010;29309637402;
ISR;GDP;TOT;USD_CAP;A;2011;3117265097;
ISR;GDP;TOT;USD_CAP;A;2012;32336088557;
ISR;GDP;TOT;USD_CAP;A;2013;34755382282;
ISR;GDP;TOT;USD_CAP;A;2014;34755764513;
ISR;GDP;TOT;USD_CAP;A;2015;35877114973;
ISR;GDP;TOT;USD_CAP;A;2016;38220119122;
ISR;GDP;TOT;USD_CAP;A;2017;39464353422;
ISR;GDP;TOT;USD_CAP;A;2018;40247088382;
ISR;GDP;TOT;USD_CAP;A;2019;40950350286;
ISR;GDP;TOT;USD_CAP;A;2020;40222667061;
ISR;GDP;TOT;USD_CAP;A;2021;44052106772;
ISR;GDP;TOT;USD_CAP;A;2022;49188654606;E
RUS;GDP;TOT;USD_CAP;A;1995;6022881532;E
RUS;GDP;TOT;USD_CAP;A;1996;5920496933;E
RUS;GDP;TOT;USD_CAP;A;1997;611587234;E
RUS;GDP;TOT;USD_CAP;A;1998;5863841604;E
RUS;GDP;TOT;USD_CAP;A;1999;6345894176;E
RUS;GDP;TOT;USD_CAP;A;2000;732344018;E
RUS;GDP;TOT;USD_CAP;A;2001;7898522928;E
RUS;GDP;TOT;USD_CAP;A;2002;8623997299;E
RUS;GDP;TOT;USD_CAP;A;2003;9940232555;E
RUS;GDP;TOT;USD_CAP;A;2004;10984496611;E
RUS;GDP;TOT;USD_CAP;A;2005;12698299229;E
RUS;GDP;TOT;USD_CAP;A;2006;16017124233;E
RUS;GDP;TOT;USD_CAP;A;2007;17881758587;E
RUS;GDP;TOT;USD_CAP;A;2008;21657589062;E
RUS;GDP;TOT;USD_CAP;A;2009;20826597968;E
RUS;GDP;TOT;USD_CAP;A;2010;22008299275;E
RUS;GDP;TOT;USD_CAP;A;2011;22798673917;
RUS;GDP;TOT;USD_CAP;A;2012;24303491049;
RUS;GDP;TOT;USD_CAP;A;2013;26073873547;
RUS;GDP;TOT;USD_CAP;A;2014;2576166151;
RUS;GDP;TOT;USD_CAP;A;2015;24085312853;
RUS;GDP;TOT;USD_CAP;A;2016;24128081806;
RUS;GDP;TOT;USD_CAP;A;2017;25926431403;
RUS;GDP;TOT;USD_CAP;A;2018;28821242897;
RUS;GDP;TOT;USD_CAP;A;2019;29967119348;
RUS;GDP;TOT;USD_CAP;A;2020;29819046969;E
SVN;GDP;TOT;USD_CAP;A;1995;13636336758;
SVN;GDP;TOT;USD_CAP;A;1996;14299484081;
SVN;GDP;TOT;USD_CAP;A;1997;15279904615;
SVN;GDP;TOT;USD_CAP;A;1998;16050561984;
SVN;GDP;TOT;USD_CAP;A;1999;17077485063;
SVN;GDP;TOT;USD_CAP;A;2000;18000439484;
SVN;GDP;TOT;USD_CAP;A;2001;18952865227;
SVN;GDP;TOT;USD_CAP;A;2002;20236432071;
SVN;GDP;TOT;USD_CAP;A;2003;21107674871;
SVN;GDP;TOT;USD_CAP;A;2004;22758123247;
SVN;GDP;TOT;USD_CAP;A;2005;23848602419;
SVN;GDP;TOT;USD_CAP;A;2006;25706215605;
SVN;GDP;TOT;USD_CAP;A;2007;275634752;
SVN;GDP;TOT;USD_CAP;A;2008;29594665839;B
SVN;GDP;TOT;USD_CAP;A;2009;27511166476;
SVN;GDP;TOT;USD_CAP;A;2010;27822232624;
SVN;GDP;TOT;USD_CAP;A;2011;28931423641;
SVN;GDP;TOT;USD_CAP;A;2012;29048325999;
SVN;GDP;TOT;USD_CAP;A;2013;29979618841;
SVN;GDP;TOT;USD_CAP;A;2014;3087272888;
SVN;GDP;TOT;USD_CAP;A;2015;31631838376;
SVN;GDP;TOT;USD_CAP;A;2016;3394276789;
SVN;GDP;TOT;USD_CAP;A;2017;36517579273;
SVN;GDP;TOT;USD_CAP;A;2018;39008297051;
SVN;GDP;TOT;USD_CAP;A;2019;42076053931;
SVN;GDP;TOT;USD_CAP;A;2020;40864408685;
SVN;GDP;TOT;USD_CAP;A;2021;43981496806;
SVN;GDP;TOT;USD_CAP;A;2022;50713217901;
ZAF;GDP;TOT;USD_CAP;A;1994;7386496841;
ZAF;GDP;TOT;USD_CAP;A;1995;7616372132;
ZAF;GDP;TOT;USD_CAP;A;1996;7929139096;
ZAF;GDP;TOT;USD_CAP;A;1997;811557225;
ZAF;GDP;TOT;USD_CAP;A;1998;8094891883;
ZAF;GDP;TOT;USD_CAP;A;1999;825800962;
ZAF;GDP;TOT;USD_CAP;A;2000;8654350648;
ZAF;GDP;TOT;USD_CAP;A;2001;8943900488;
ZAF;GDP;TOT;USD_CAP;A;2002;9193556156;
ZAF;GDP;TOT;USD_CAP;A;2003;9539349702;
ZAF;GDP;TOT;USD_CAP;A;2004;10119569785;
ZAF;GDP;TOT;USD_CAP;A;2005;10853502833;
ZAF;GDP;TOT;USD_CAP;A;2006;11667577783;
ZAF;GDP;TOT;USD_CAP;A;2007;12463506847;
ZAF;GDP;TOT;USD_CAP;A;2008;12914496832;
ZAF;GDP;TOT;USD_CAP;A;2009;12628696151;
ZAF;GDP;TOT;USD_CAP;A;2010;12994908386;
ZAF;GDP;TOT;USD_CAP;A;2011;13503769127;
ZAF;GDP;TOT;USD_CAP;A;2012;13356612371;
ZAF;GDP;TOT;USD_CAP;A;2013;1378793583;
ZAF;GDP;TOT;USD_CAP;A;2014;13815551011;
ZAF;GDP;TOT;USD_CAP;A;2015;13941996711;
ZAF;GDP;TOT;USD_CAP;A;2016;14006152389;
ZAF;GDP;TOT;USD_CAP;A;2017;14134028896;
ZAF;GDP;TOT;USD_CAP;A;2018;14505885123;
ZAF;GDP;TOT;USD_CAP;A;2019;14624489891;
ZAF;GDP;TOT;USD_CAP;A;2020;13689392507;
ZAF;GDP;TOT;USD_CAP;A;2021;14773981744;
ZAF;GDP;TOT;USD_CAP;A;2022;15977049508;
OECD;GDP;TOT;USD_CAP;A;1994;19185266852;E
OECD;GDP;TOT;USD_CAP;A;1995;19936135529;E
OECD;GDP;TOT;USD_CAP;A;1996;20816633786;E
OECD;GDP;TOT;USD_CAP;A;1997;21766983452;E
OECD;GDP;TOT;USD_CAP;A;1998;22356094877;E
OECD;GDP;TOT;USD_CAP;A;1999;23233870164;E
OECD;GDP;TOT;USD_CAP;A;2000;24663981082;E
OECD;GDP;TOT;USD_CAP;A;2001;25444454839;E
OECD;GDP;TOT;USD_CAP;A;2002;26233262509;E
OECD;GDP;TOT;USD_CAP;A;2003;27025039939;E
OECD;GDP;TOT;USD_CAP;A;2004;28468673208;E
OECD;GDP;TOT;USD_CAP;A;2005;29814627663;
OECD;GDP;TOT;USD_CAP;A;2006;31806015503;
OECD;GDP;TOT;USD_CAP;A;2007;33355237893;
OECD;GDP;TOT;USD_CAP;A;2008;3422059284;B
OECD;GDP;TOT;USD_CAP;A;2009;3325933841;
OECD;GDP;TOT;USD_CAP;A;2010;34563116043;B
OECD;GDP;TOT;USD_CAP;A;2011;35936601485;
OECD;GDP;TOT;USD_CAP;A;2012;36892785782;
OECD;GDP;TOT;USD_CAP;A;2013;38231588867;
OECD;GDP;TOT;USD_CAP;A;2014;39331543239;
OECD;GDP;TOT;USD_CAP;A;2015;40455335315;
OECD;GDP;TOT;USD_CAP;A;2016;4192016602;
OECD;GDP;TOT;USD_CAP;A;2017;43515314213;
OECD;GDP;TOT;USD_CAP;A;2018;45196514603;
OECD;GDP;TOT;USD_CAP;A;2019;46666982426;P
OECD;GDP;TOT;USD_CAP;A;2020;45370706904;P
OECD;GDP;TOT;USD_CAP;A;2021;49050726139;E
OECD;GDP;TOT;USD_CAP;A;2022;54011987172;E
OECDE;GDP;TOT;USD_CAP;A;1995;18257192955;E
OECDE;GDP;TOT;USD_CAP;A;1996;18988570468;E
OECDE;GDP;TOT;USD_CAP;A;1997;19834998945;E
OECDE;GDP;TOT;USD_CAP;A;1998;20308169475;
OECDE;GDP;TOT;USD_CAP;A;1999;21012932785;
OECDE;GDP;TOT;USD_CAP;A;2000;22443548038;
OECDE;GDP;TOT;USD_CAP;A;2001;23389682962;
OECDE;GDP;TOT;USD_CAP;A;2002;24289818666;
OECDE;GDP;TOT;USD_CAP;A;2003;24838917365;
OECDE;GDP;TOT;USD_CAP;A;2004;26084033791;
OECDE;GDP;TOT;USD_CAP;A;2005;27041590886;
OECDE;GDP;TOT;USD_CAP;A;2006;29331099907;
OECDE;GDP;TOT;USD_CAP;A;2007;31037103857;
OECDE;GDP;TOT;USD_CAP;A;2008;32398287571;B
OECDE;GDP;TOT;USD_CAP;A;2009;31498866776;
OECDE;GDP;TOT;USD_CAP;A;2010;3272148151;B
OECDE;GDP;TOT;USD_CAP;A;2011;34275640326;
OECDE;GDP;TOT;USD_CAP;A;2012;34900516168;
OECDE;GDP;TOT;USD_CAP;A;2013;36251703838;
OECDE;GDP;TOT;USD_CAP;A;2014;37402528294;
OECDE;GDP;TOT;USD_CAP;A;2015;38603411709;
OECDE;GDP;TOT;USD_CAP;A;2016;40596443346;
OECDE;GDP;TOT;USD_CAP;A;2017;42559146864;
OECDE;GDP;TOT;USD_CAP;A;2018;44172286413;
OECDE;GDP;TOT;USD_CAP;A;2019;46348653434;P
OECDE;GDP;TOT;USD_CAP;A;2020;44622666228;P
OECDE;GDP;TOT;USD_CAP;A;2021;47895943701;P
OECDE;GDP;TOT;USD_CAP;A;2022;5359930415;E
LVA;GDP;TOT;USD_CAP;A;1995;551794357;
LVA;GDP;TOT;USD_CAP;A;1996;5809057191;
LVA;GDP;TOT;USD_CAP;A;1997;6487593048;
LVA;GDP;TOT;USD_CAP;A;1998;7068534438;
LVA;GDP;TOT;USD_CAP;A;1999;7405779063;
LVA;GDP;TOT;USD_CAP;A;2000;8040372357;
LVA;GDP;TOT;USD_CAP;A;2001;9043901208;
LVA;GDP;TOT;USD_CAP;A;2002;10080307516;
LVA;GDP;TOT;USD_CAP;A;2003;11060839006;
LVA;GDP;TOT;USD_CAP;A;2004;1227938528;
LVA;GDP;TOT;USD_CAP;A;2005;13914155078;
LVA;GDP;TOT;USD_CAP;A;2006;15854812284;
LVA;GDP;TOT;USD_CAP;A;2007;18232817901;
LVA;GDP;TOT;USD_CAP;A;2008;19569526703;
LVA;GDP;TOT;USD_CAP;A;2009;1702209047;
LVA;GDP;TOT;USD_CAP;A;2010;17709026549;
LVA;GDP;TOT;USD_CAP;A;2011;19256795329;
LVA;GDP;TOT;USD_CAP;A;2012;21297472621;
LVA;GDP;TOT;USD_CAP;A;2013;22637197448;
LVA;GDP;TOT;USD_CAP;A;2014;23810218371;
LVA;GDP;TOT;USD_CAP;A;2015;24975479748;
LVA;GDP;TOT;USD_CAP;A;2016;26724459825;
LVA;GDP;TOT;USD_CAP;A;2017;28689617469;
LVA;GDP;TOT;USD_CAP;A;2018;30891884185;
LVA;GDP;TOT;USD_CAP;A;2019;32938736912;
LVA;GDP;TOT;USD_CAP;A;2020;33011406797;
LVA;GDP;TOT;USD_CAP;A;2021;35045921582;
LVA;GDP;TOT;USD_CAP;A;2022;40685382515;
BRA;GDP;TOT;USD_CAP;A;2000;9103860765;
BRA;GDP;TOT;USD_CAP;A;2001;9307499829;
BRA;GDP;TOT;USD_CAP;A;2002;9616185608;
BRA;GDP;TOT;USD_CAP;A;2003;979659828;
BRA;GDP;TOT;USD_CAP;A;2004;10513531299;
BRA;GDP;TOT;USD_CAP;A;2005;1106181988;
BRA;GDP;TOT;USD_CAP;A;2006;11723717658;
BRA;GDP;TOT;USD_CAP;A;2007;1263785789;
BRA;GDP;TOT;USD_CAP;A;2008;13396637385;
BRA;GDP;TOT;USD_CAP;A;2009;13328037139;
BRA;GDP;TOT;USD_CAP;A;2010;14361511307;
BRA;GDP;TOT;USD_CAP;A;2011;15109737403;
BRA;GDP;TOT;USD_CAP;A;2012;15120063649;
BRA;GDP;TOT;USD_CAP;A;2013;15669140139;
BRA;GDP;TOT;USD_CAP;A;2014;15800088894;
BRA;GDP;TOT;USD_CAP;A;2015;14816290598;
BRA;GDP;TOT;USD_CAP;A;2016;1432610209;
BRA;GDP;TOT;USD_CAP;A;2017;14596889676;
BRA;GDP;TOT;USD_CAP;A;2018;15088873591;
BRA;GDP;TOT;USD_CAP;A;2019;15424038754;
BRA;GDP;TOT;USD_CAP;A;2020;15173607426;
LTU;GDP;TOT;USD_CAP;A;1995;5930846377;
LTU;GDP;TOT;USD_CAP;A;1996;6385733912;
LTU;GDP;TOT;USD_CAP;A;1997;7069558669;
LTU;GDP;TOT;USD_CAP;A;1998;7762979223;
LTU;GDP;TOT;USD_CAP;A;1999;7820787732;
LTU;GDP;TOT;USD_CAP;A;2000;8447107442;
LTU;GDP;TOT;USD_CAP;A;2001;9437521231;
LTU;GDP;TOT;USD_CAP;A;2002;10480705313;
LTU;GDP;TOT;USD_CAP;A;2003;1206824375;
LTU;GDP;TOT;USD_CAP;A;2004;13030520937;
LTU;GDP;TOT;USD_CAP;A;2005;14510717941;
LTU;GDP;TOT;USD_CAP;A;2006;16481428255;
LTU;GDP;TOT;USD_CAP;A;2007;19096729552;
LTU;GDP;TOT;USD_CAP;A;2008;20721028188;
LTU;GDP;TOT;USD_CAP;A;2009;18117659727;
LTU;GDP;TOT;USD_CAP;A;2010;20096631145;
LTU;GDP;TOT;USD_CAP;A;2011;22884945082;
LTU;GDP;TOT;USD_CAP;A;2012;24703697943;
LTU;GDP;TOT;USD_CAP;A;2013;26721601926;
LTU;GDP;TOT;USD_CAP;A;2014;28184499091;
LTU;GDP;TOT;USD_CAP;A;2015;28834457574;
LTU;GDP;TOT;USD_CAP;A;2016;30925151813;
LTU;GDP;TOT;USD_CAP;A;2017;33761906595;
LTU;GDP;TOT;USD_CAP;A;2018;36376535744;
LTU;GDP;TOT;USD_CAP;A;2019;39957593145;
LTU;GDP;TOT;USD_CAP;A;2020;40176485935;
LTU;GDP;TOT;USD_CAP;A;2021;43679165382;
LTU;GDP;TOT;USD_CAP;A;2022;49265478511;
SAU;GDP;TOT;USD_CAP;A;1994;37265869693;
SAU;GDP;TOT;USD_CAP;A;1995;37263641667;
SAU;GDP;TOT;USD_CAP;A;1996;38141102577;
SAU;GDP;TOT;USD_CAP;A;1997;38474951951;
SAU;GDP;TOT;USD_CAP;A;1998;39274862763;
SAU;GDP;TOT;USD_CAP;A;1999;37551484456;
SAU;GDP;TOT;USD_CAP;A;2000;39644545041;
SAU;GDP;TOT;USD_CAP;A;2001;39033174242;
SAU;GDP;TOT;USD_CAP;A;2002;3746402183;
SAU;GDP;TOT;USD_CAP;A;2003;41273385597;
SAU;GDP;TOT;USD_CAP;A;2004;4442966288;
SAU;GDP;TOT;USD_CAP;A;2005;47007456103;
SAU;GDP;TOT;USD_CAP;A;2006;48445960287;
SAU;GDP;TOT;USD_CAP;A;2007;49321216938;
SAU;GDP;TOT;USD_CAP;A;2008;51991829904;
SAU;GDP;TOT;USD_CAP;A;2009;49862229773;
SAU;GDP;TOT;USD_CAP;A;2010;51356826204;
SAU;GDP;TOT;USD_CAP;A;2011;56127024677;
SAU;GDP;TOT;USD_CAP;A;2012;57693997316;
SAU;GDP;TOT;USD_CAP;A;2013;5656334222;
SAU;GDP;TOT;USD_CAP;A;2014;56613475043;
SAU;GDP;TOT;USD_CAP;A;2015;49491338595;
SAU;GDP;TOT;USD_CAP;A;2016;46289747404;
SAU;GDP;TOT;USD_CAP;A;2017;47862011832;
SAU;GDP;TOT;USD_CAP;A;2018;49189778812;
SAU;GDP;TOT;USD_CAP;A;2019;49055641241;
SAU;GDP;TOT;USD_CAP;A;2020;46378343249;
EA19;GDP;TOT;USD_CAP;A;1995;20482644774;
EA19;GDP;TOT;USD_CAP;A;1996;21115961326;
EA19;GDP;TOT;USD_CAP;A;1997;21961471799;
EA19;GDP;TOT;USD_CAP;A;1998;2301508969;
EA19;GDP;TOT;USD_CAP;A;1999;23902739605;
EA19;GDP;TOT;USD_CAP;A;2000;2538840769;
EA19;GDP;TOT;USD_CAP;A;2001;26585522923;
EA19;GDP;TOT;USD_CAP;A;2002;27621559862;
EA19;GDP;TOT;USD_CAP;A;2003;28074717802;
EA19;GDP;TOT;USD_CAP;A;2004;29179977305;
EA19;GDP;TOT;USD_CAP;A;2005;30176554167;
EA19;GDP;TOT;USD_CAP;A;2006;3264188157;
EA19;GDP;TOT;USD_CAP;A;2007;3453640007;
EA19;GDP;TOT;USD_CAP;A;2008;35828132324;
EA19;GDP;TOT;USD_CAP;A;2009;34906501423;
EA19;GDP;TOT;USD_CAP;A;2010;35898206158;
EA19;GDP;TOT;USD_CAP;A;2011;37388517992;
EA19;GDP;TOT;USD_CAP;A;2012;37760983769;
EA19;GDP;TOT;USD_CAP;A;2013;39017377418;
EA19;GDP;TOT;USD_CAP;A;2014;40048197678;
EA19;GDP;TOT;USD_CAP;A;2015;41144425147;
EA19;GDP;TOT;USD_CAP;A;2016;43635700727;
EA19;GDP;TOT;USD_CAP;A;2017;45715821979;
EA19;GDP;TOT;USD_CAP;A;2018;47629173366;
EA19;GDP;TOT;USD_CAP;A;2019;50334386635;
EA19;GDP;TOT;USD_CAP;A;2020;48238521806;
EA19;GDP;TOT;USD_CAP;A;2021;51330102585;
EA19;GDP;TOT;USD_CAP;A;2022;56562194568;
ARG;GDP;TOT;USD_CAP;A;2004;12303221538;
ARG;GDP;TOT;USD_CAP;A;2005;13681225871;
ARG;GDP;TOT;USD_CAP;A;2006;15090095978;
ARG;GDP;TOT;USD_CAP;A;2007;16728642814;
ARG;GDP;TOT;USD_CAP;A;2008;17567142054;
ARG;GDP;TOT;USD_CAP;A;2009;1647255477;
ARG;GDP;TOT;USD_CAP;A;2010;18063914342;
ARG;GDP;TOT;USD_CAP;A;2011;1932222713;
ARG;GDP;TOT;USD_CAP;A;2012;19641352863;
ARG;GDP;TOT;USD_CAP;A;2013;20131680421;
ARG;GDP;TOT;USD_CAP;A;2014;19683771502;
ARG;GDP;TOT;USD_CAP;A;2015;20105198994;
ARG;GDP;TOT;USD_CAP;A;2016;20307870053;
ARG;GDP;TOT;USD_CAP;A;2017;23597117759;
ARG;GDP;TOT;USD_CAP;A;2018;23290675736;
ARG;GDP;TOT;USD_CAP;A;2019;23263429463;
ARG;GDP;TOT;USD_CAP;A;2020;20981428074;
ARG;GDP;TOT;USD_CAP;A;2021;23856680324;
CRI;GDP;TOT;USD_CAP;A;1994;6683887118;
CRI;GDP;TOT;USD_CAP;A;1995;6906601806;
CRI;GDP;TOT;USD_CAP;A;1996;6951482043;
CRI;GDP;TOT;USD_CAP;A;1997;7268555279;
CRI;GDP;TOT;USD_CAP;A;1998;768986427;
CRI;GDP;TOT;USD_CAP;A;1999;7934314138;
CRI;GDP;TOT;USD_CAP;A;2000;8247745652;
CRI;GDP;TOT;USD_CAP;A;2001;8544268172;
CRI;GDP;TOT;USD_CAP;A;2002;8816949795;
CRI;GDP;TOT;USD_CAP;A;2003;9244799762;
CRI;GDP;TOT;USD_CAP;A;2004;9755749861;
CRI;GDP;TOT;USD_CAP;A;2005;10296531679;
CRI;GDP;TOT;USD_CAP;A;2006;11214354808;
CRI;GDP;TOT;USD_CAP;A;2007;12292272774;
CRI;GDP;TOT;USD_CAP;A;2008;12936433198;
CRI;GDP;TOT;USD_CAP;A;2009;12711165118;
CRI;GDP;TOT;USD_CAP;A;2010;13325311122;
CRI;GDP;TOT;USD_CAP;A;2011;14068154868;
CRI;GDP;TOT;USD_CAP;A;2012;14852929898;
CRI;GDP;TOT;USD_CAP;A;2013;15542368395;
CRI;GDP;TOT;USD_CAP;A;2014;16615974075;
CRI;GDP;TOT;USD_CAP;A;2015;17649314854;
CRI;GDP;TOT;USD_CAP;A;2016;19119336147;
CRI;GDP;TOT;USD_CAP;A;2017;20368230268;
CRI;GDP;TOT;USD_CAP;A;2018;2131271338;
CRI;GDP;TOT;USD_CAP;A;2019;22739241909;
CRI;GDP;TOT;USD_CAP;A;2020;21755528069;
CRI;GDP;TOT;USD_CAP;A;2021;22612375289;E
CRI;GDP;TOT;USD_CAP;A;2022;24484466689;E
BGR;GDP;TOT;USD_CAP;A;1995;7743454898;
BGR;GDP;TOT;USD_CAP;A;1996;6848973755;
BGR;GDP;TOT;USD_CAP;A;1997;5750536954;
BGR;GDP;TOT;USD_CAP;A;1998;617796293;
BGR;GDP;TOT;USD_CAP;A;1999;580779884;
BGR;GDP;TOT;USD_CAP;A;2000;6422840204;
BGR;GDP;TOT;USD_CAP;A;2001;7044384802;
BGR;GDP;TOT;USD_CAP;A;2002;7755004951;
BGR;GDP;TOT;USD_CAP;A;2003;8365517212;
BGR;GDP;TOT;USD_CAP;A;2004;9125494978;
BGR;GDP;TOT;USD_CAP;A;2005;10183855612;
BGR;GDP;TOT;USD_CAP;A;2006;11261225026;
BGR;GDP;TOT;USD_CAP;A;2007;12629313413;
BGR;GDP;TOT;USD_CAP;A;2008;14100623106;
BGR;GDP;TOT;USD_CAP;A;2009;13918839897;
BGR;GDP;TOT;USD_CAP;A;2010;14681048115;
BGR;GDP;TOT;USD_CAP;A;2011;15747103639;
BGR;GDP;TOT;USD_CAP;A;2012;16327885807;
BGR;GDP;TOT;USD_CAP;A;2013;16647055821;
BGR;GDP;TOT;USD_CAP;A;2014;17616824047;
BGR;GDP;TOT;USD_CAP;A;2015;18391898736;
BGR;GDP;TOT;USD_CAP;A;2016;20074363973;
BGR;GDP;TOT;USD_CAP;A;2017;21469900943;
BGR;GDP;TOT;USD_CAP;A;2018;23015938513;
BGR;GDP;TOT;USD_CAP;A;2019;25170075668;
BGR;GDP;TOT;USD_CAP;A;2020;25293675309;
BGR;GDP;TOT;USD_CAP;A;2021;28105865013;
BGR;GDP;TOT;USD_CAP;A;2022;32232583665;P
HRV;GDP;TOT;USD_CAP;A;1995;8054486828;
HRV;GDP;TOT;USD_CAP;A;1996;8804328633;
HRV;GDP;TOT;USD_CAP;A;1997;9534308165;
HRV;GDP;TOT;USD_CAP;A;1998;9887514194;
HRV;GDP;TOT;USD_CAP;A;1999;9939959321;
HRV;GDP;TOT;USD_CAP;A;2000;10669444107;
HRV;GDP;TOT;USD_CAP;A;2001;11648253439;B
HRV;GDP;TOT;USD_CAP;A;2002;12765077813;
HRV;GDP;TOT;USD_CAP;A;2003;13690486613;
HRV;GDP;TOT;USD_CAP;A;2004;1468180348;
HRV;GDP;TOT;USD_CAP;A;2005;15449696575;
HRV;GDP;TOT;USD_CAP;A;2006;17604325051;
HRV;GDP;TOT;USD_CAP;A;2007;1951599353;
HRV;GDP;TOT;USD_CAP;A;2008;20972690964;
HRV;GDP;TOT;USD_CAP;A;2009;20221945305;
HRV;GDP;TOT;USD_CAP;A;2010;20044039039;
HRV;GDP;TOT;USD_CAP;A;2011;210827495;
HRV;GDP;TOT;USD_CAP;A;2012;2145620644;
HRV;GDP;TOT;USD_CAP;A;2013;22141106762;
HRV;GDP;TOT;USD_CAP;A;2014;22373074706;
HRV;GDP;TOT;USD_CAP;A;2015;2331387772;
HRV;GDP;TOT;USD_CAP;A;2016;2527187513;
HRV;GDP;TOT;USD_CAP;A;2017;2717178466;
HRV;GDP;TOT;USD_CAP;A;2018;28887862246;
HRV;GDP;TOT;USD_CAP;A;2019;31572729293;
HRV;GDP;TOT;USD_CAP;A;2020;2969020613;
HRV;GDP;TOT;USD_CAP;A;2021;34022550299;P
HRV;GDP;TOT;USD_CAP;A;2022;40213891199;E
CYP;GDP;TOT;USD_CAP;A;1995;17097591882;
CYP;GDP;TOT;USD_CAP;A;1996;17320521472;
CYP;GDP;TOT;USD_CAP;A;1997;17781309775;
CYP;GDP;TOT;USD_CAP;A;1998;18759373812;
CYP;GDP;TOT;USD_CAP;A;1999;19662171013;
CYP;GDP;TOT;USD_CAP;A;2000;21292181573;
CYP;GDP;TOT;USD_CAP;A;2001;22866977209;
CYP;GDP;TOT;USD_CAP;A;2002;23556886678;
CYP;GDP;TOT;USD_CAP;A;2003;24280934563;
CYP;GDP;TOT;USD_CAP;A;2004;25944867724;
CYP;GDP;TOT;USD_CAP;A;2005;27763246925;
CYP;GDP;TOT;USD_CAP;A;2006;30010894473;
CYP;GDP;TOT;USD_CAP;A;2007;32885403004;
CYP;GDP;TOT;USD_CAP;A;2008;34830196707;
CYP;GDP;TOT;USD_CAP;A;2009;33886593926;
CYP;GDP;TOT;USD_CAP;A;2010;33423268846;
CYP;GDP;TOT;USD_CAP;A;2011;33313577669;
CYP;GDP;TOT;USD_CAP;A;2012;31834628847;
CYP;GDP;TOT;USD_CAP;A;2013;30375236979;
CYP;GDP;TOT;USD_CAP;A;2014;3008014296;
CYP;GDP;TOT;USD_CAP;A;2015;31815341244;
CYP;GDP;TOT;USD_CAP;A;2016;35719109919;
CYP;GDP;TOT;USD_CAP;A;2017;38288001384;
CYP;GDP;TOT;USD_CAP;A;2018;40559105442;
CYP;GDP;TOT;USD_CAP;A;2019;43722861866;
CYP;GDP;TOT;USD_CAP;A;2020;40897780537;P
CYP;GDP;TOT;USD_CAP;A;2021;43317904519;P
MLT;GDP;TOT;USD_CAP;A;1995;13978337698;
MLT;GDP;TOT;USD_CAP;A;1996;14658035734;
MLT;GDP;TOT;USD_CAP;A;1997;15491743384;
MLT;GDP;TOT;USD_CAP;A;1998;16221944491;
MLT;GDP;TOT;USD_CAP;A;1999;16941775919;
MLT;GDP;TOT;USD_CAP;A;2000;18363894565;
MLT;GDP;TOT;USD_CAP;A;2001;1851039417;
MLT;GDP;TOT;USD_CAP;A;2002;19601629781;
MLT;GDP;TOT;USD_CAP;A;2003;20931270643;
MLT;GDP;TOT;USD_CAP;A;2004;21551295047;
MLT;GDP;TOT;USD_CAP;A;2005;22308719133;
MLT;GDP;TOT;USD_CAP;A;2006;23320754242;
MLT;GDP;TOT;USD_CAP;A;2007;25061159229;
MLT;GDP;TOT;USD_CAP;A;2008;26523726187;
MLT;GDP;TOT;USD_CAP;A;2009;26652563583;
MLT;GDP;TOT;USD_CAP;A;2010;28725106348;
MLT;GDP;TOT;USD_CAP;A;2011;28973045315;
MLT;GDP;TOT;USD_CAP;A;2012;3024142175;
MLT;GDP;TOT;USD_CAP;A;2013;32287911363;
MLT;GDP;TOT;USD_CAP;A;2014;34318333679;
MLT;GDP;TOT;USD_CAP;A;2015;37430605738;
MLT;GDP;TOT;USD_CAP;A;2016;39678501077;
MLT;GDP;TOT;USD_CAP;A;2017;43463249097;
MLT;GDP;TOT;USD_CAP;A;2018;45504312819;
MLT;GDP;TOT;USD_CAP;A;2019;48672896446;
MLT;GDP;TOT;USD_CAP;A;2020;44509304787;
MLT;GDP;TOT;USD_CAP;A;2021;48726138109;
ROU;GDP;TOT;USD_CAP;A;1995;543022037;
ROU;GDP;TOT;USD_CAP;A;1996;5748549253;
ROU;GDP;TOT;USD_CAP;A;1997;556617459;
ROU;GDP;TOT;USD_CAP;A;1998;5545694213;
ROU;GDP;TOT;USD_CAP;A;1999;5599947562;
ROU;GDP;TOT;USD_CAP;A;2000;5850908021;
ROU;GDP;TOT;USD_CAP;A;2001;6439287795;
ROU;GDP;TOT;USD_CAP;A;2002;7180411394;
ROU;GDP;TOT;USD_CAP;A;2003;7560299928;
ROU;GDP;TOT;USD_CAP;A;2004;8990324885;B
ROU;GDP;TOT;USD_CAP;A;2005;9602147673;
ROU;GDP;TOT;USD_CAP;A;2006;11554902523;
ROU;GDP;TOT;USD_CAP;A;2007;13701675171;
ROU;GDP;TOT;USD_CAP;A;2008;16782155631;
ROU;GDP;TOT;USD_CAP;A;2009;16632743534;
ROU;GDP;TOT;USD_CAP;A;2010;17355918257;
ROU;GDP;TOT;USD_CAP;A;2011;18802857831;
ROU;GDP;TOT;USD_CAP;A;2012;198071025;
ROU;GDP;TOT;USD_CAP;A;2013;19672242855;
ROU;GDP;TOT;USD_CAP;A;2014;20624326685;
ROU;GDP;TOT;USD_CAP;A;2015;21617288479;
ROU;GDP;TOT;USD_CAP;A;2016;23899782494;
ROU;GDP;TOT;USD_CAP;A;2017;26937461797;
ROU;GDP;TOT;USD_CAP;A;2018;29553041501;
ROU;GDP;TOT;USD_CAP;A;2019;33028052566;
ROU;GDP;TOT;USD_CAP;A;2020;33325494217;
ROU;GDP;TOT;USD_CAP;A;2021;36255862609;P
ROU;GDP;TOT;USD_CAP;A;2022;42372111882;P
MKD;GDP;TOT;USD_CAP;A;2000;6152655855;E
MKD;GDP;TOT;USD_CAP;A;2001;6050882886;E
MKD;GDP;TOT;USD_CAP;A;2002;6395184104;E
MKD;GDP;TOT;USD_CAP;A;2003;659578359;E
MKD;GDP;TOT;USD_CAP;A;2004;7172039536;E
MKD;GDP;TOT;USD_CAP;A;2005;784892282;E
MKD;GDP;TOT;USD_CAP;A;2006;8688897628;E
MKD;GDP;TOT;USD_CAP;A;2007;9352004121;E
MKD;GDP;TOT;USD_CAP;A;2008;10521860232;E
MKD;GDP;TOT;USD_CAP;A;2009;11010557406;E
MKD;GDP;TOT;USD_CAP;A;2010;11360930536;E
MKD;GDP;TOT;USD_CAP;A;2011;11689962054;E
MKD;GDP;TOT;USD_CAP;A;2012;11915687265;E
MKD;GDP;TOT;USD_CAP;A;2013;12727355581;E
MKD;GDP;TOT;USD_CAP;A;2014;13434737521;E
MKD;GDP;TOT;USD_CAP;A;2015;13888293041;E
MKD;GDP;TOT;USD_CAP;A;2016;15138004749;E
MKD;GDP;TOT;USD_CAP;A;2017;15706422358;E
MKD;GDP;TOT;USD_CAP;A;2018;16796298138;E
ZMB;GDP;TOT;USD_CAP;A;2006;2409241459;
ZMB;GDP;TOT;USD_CAP;A;2007;2587959131;
ZMB;GDP;TOT;USD_CAP;A;2008;2742914739;
ZMB;GDP;TOT;USD_CAP;A;2009;2909724532;
ZMB;GDP;TOT;USD_CAP;A;2010;3136322797;
ZMB;GDP;TOT;USD_CAP;A;2011;3267408278;
ZMB;GDP;TOT;USD_CAP;A;2012;335773837;
ZMB;GDP;TOT;USD_CAP;A;2013;3506389931;
ZMB;GDP;TOT;USD_CAP;A;2014;3463409685;
ZMB;GDP;TOT;USD_CAP;A;2015;33525262;
ZMB;GDP;TOT;USD_CAP;A;2016;3322580089;
ZMB;GDP;TOT;USD_CAP;A;2017;3387885589;
ZMB;GDP;TOT;USD_CAP;A;2018;350779523;
ZMB;GDP;TOT;USD_CAP;A;2019;3514688008;
ZMB;GDP;TOT;USD_CAP;A;2020;3358004891;
HKG;GDP;TOT;USD_CAP;A;1994;2411671787;E
HKG;GDP;TOT;USD_CAP;A;1995;24711453103;E
HKG;GDP;TOT;USD_CAP;A;1996;25094142999;E
HKG;GDP;TOT;USD_CAP;A;1997;26609545342;E
HKG;GDP;TOT;USD_CAP;A;1998;25113207491;E
HKG;GDP;TOT;USD_CAP;A;1999;25860495382;E
HKG;GDP;TOT;USD_CAP;A;2000;28221041451;E
HKG;GDP;TOT;USD_CAP;A;2001;28806895743;E
HKG;GDP;TOT;USD_CAP;A;2002;29608235289;E
HKG;GDP;TOT;USD_CAP;A;2003;31175457689;E
HKG;GDP;TOT;USD_CAP;A;2004;34525573744;E
HKG;GDP;TOT;USD_CAP;A;2005;38076273563;E
HKG;GDP;TOT;USD_CAP;A;2006;41741946264;E
HKG;GDP;TOT;USD_CAP;A;2007;45252143133;E
HKG;GDP;TOT;USD_CAP;A;2008;46817148844;E
HKG;GDP;TOT;USD_CAP;A;2009;45859725397;E
HKG;GDP;TOT;USD_CAP;A;2010;49192011993;E
HKG;GDP;TOT;USD_CAP;A;2011;5227450957;E
HKG;GDP;TOT;USD_CAP;A;2012;52235322875;E
HKG;GDP;TOT;USD_CAP;A;2013;53691089574;E
HKG;GDP;TOT;USD_CAP;A;2014;54785436188;E
HKG;GDP;TOT;USD_CAP;A;2015;56411257311;E
HKG;GDP;TOT;USD_CAP;A;2016;57221970182;E
HKG;GDP;TOT;USD_CAP;A;2017;5984383188;E
HKG;GDP;TOT;USD_CAP;A;2018;6251060171;E
HKG;GDP;TOT;USD_CAP;A;2019;62102600449;E
HKG;GDP;TOT;USD_CAP;A;2020;58949465954;E
HKG;GDP;TOT;USD_CAP;A;2021;65892583581;E
MDG;GDP;TOT;USD_CAP;A;2007;1573482039;E
MDG;GDP;TOT;USD_CAP;A;2008;1668575651;E
MDG;GDP;TOT;USD_CAP;A;2009;1566416286;E
MDG;GDP;TOT;USD_CAP;A;2010;1551279644;E
MDG;GDP;TOT;USD_CAP;A;2011;1565877486;E
MDG;GDP;TOT;USD_CAP;A;2012;154890756;E
MDG;GDP;TOT;USD_CAP;A;2013;1553262396;E
MDG;GDP;TOT;USD_CAP;A;2014;1573215193;E
MDG;GDP;TOT;USD_CAP;A;2015;1562306683;E
MDG;GDP;TOT;USD_CAP;A;2016;1624146348;E
MDG;GDP;TOT;USD_CAP;A;2017;1601521574;E
MDG;GDP;TOT;USD_CAP;A;2018;1643791121;E
MDG;GDP;TOT;USD_CAP;A;2019;1702648643;E
MDG;GDP;TOT;USD_CAP;A;2020;156108077;E
MAR;GDP;TOT;USD_CAP;A;2007;6129855225;E
MAR;GDP;TOT;USD_CAP;A;2008;6545946239;E
MAR;GDP;TOT;USD_CAP;A;2009;679425685;E
MAR;GDP;TOT;USD_CAP;A;2010;7062748347;E
MAR;GDP;TOT;USD_CAP;A;2011;7508705687;E
MAR;GDP;TOT;USD_CAP;A;2012;7507265418;E
MAR;GDP;TOT;USD_CAP;A;2013;7773208344;E
MAR;GDP;TOT;USD_CAP;A;2014;7351113438;E
MAR;GDP;TOT;USD_CAP;A;2015;7905564398;E
MAR;GDP;TOT;USD_CAP;A;2016;7944172521;E
MAR;GDP;TOT;USD_CAP;A;2017;819346357;E
MAR;GDP;TOT;USD_CAP;A;2018;8543309967;E
MAR;GDP;TOT;USD_CAP;A;2019;8807802665;E
MAR;GDP;TOT;USD_CAP;A;2020;8051435771;E
MAR;GDP;TOT;USD_CAP;A;2021;9073558801;E
SGP;GDP;TOT;USD_CAP;A;1994;33055050536;
SGP;GDP;TOT;USD_CAP;A;1995;35092047065;
SGP;GDP;TOT;USD_CAP;A;1996;36866589154;
SGP;GDP;TOT;USD_CAP;A;1997;39283471775;
SGP;GDP;TOT;USD_CAP;A;1998;37559062322;
SGP;GDP;TOT;USD_CAP;A;1999;39940923608;
SGP;GDP;TOT;USD_CAP;A;2000;43774644559;
SGP;GDP;TOT;USD_CAP;A;2001;4310440774;
SGP;GDP;TOT;USD_CAP;A;2002;45079726605;
SGP;GDP;TOT;USD_CAP;A;2003;48772662308;
SGP;GDP;TOT;USD_CAP;A;2004;54372959205;
SGP;GDP;TOT;USD_CAP;A;2005;5881163315;
SGP;GDP;TOT;USD_CAP;A;2006;64059583262;
SGP;GDP;TOT;USD_CAP;A;2007;68787698418;
SGP;GDP;TOT;USD_CAP;A;2008;67723960047;
SGP;GDP;TOT;USD_CAP;A;2009;66206649365;
SGP;GDP;TOT;USD_CAP;A;2010;75385788553;
SGP;GDP;TOT;USD_CAP;A;2011;8004757357;
SGP;GDP;TOT;USD_CAP;A;2012;82071712428;
SGP;GDP;TOT;USD_CAP;A;2013;83004278288;
SGP;GDP;TOT;USD_CAP;A;2014;84418931597;
SGP;GDP;TOT;USD_CAP;A;2015;86974779015;
SGP;GDP;TOT;USD_CAP;A;2016;89421862189;
SGP;GDP;TOT;USD_CAP;A;2017;95354734241;
SGP;GDP;TOT;USD_CAP;A;2018;1,00409E+11;
SGP;GDP;TOT;USD_CAP;A;2019;1,02127E+11;
SGP;GDP;TOT;USD_CAP;A;2020;9814867364;
EU27_2020;GDP;TOT;USD_CAP;A;1995;17793699478;
EU27_2020;GDP;TOT;USD_CAP;A;1996;18390780937;
EU27_2020;GDP;TOT;USD_CAP;A;1997;19114458779;
EU27_2020;GDP;TOT;USD_CAP;A;1998;20021348838;
EU27_2020;GDP;TOT;USD_CAP;A;1999;20805543617;
EU27_2020;GDP;TOT;USD_CAP;A;2000;22121198892;
EU27_2020;GDP;TOT;USD_CAP;A;2001;23216885391;
EU27_2020;GDP;TOT;USD_CAP;A;2002;24244461427;
EU27_2020;GDP;TOT;USD_CAP;A;2003;24763292214;
EU27_2020;GDP;TOT;USD_CAP;A;2004;25925939888;
EU27_2020;GDP;TOT;USD_CAP;A;2005;26873616442;
EU27_2020;GDP;TOT;USD_CAP;A;2006;29187483332;
EU27_2020;GDP;TOT;USD_CAP;A;2007;31102376508;
EU27_2020;GDP;TOT;USD_CAP;A;2008;32557272591;
EU27_2020;GDP;TOT;USD_CAP;A;2009;31856598491;
EU27_2020;GDP;TOT;USD_CAP;A;2010;32905242675;
EU27_2020;GDP;TOT;USD_CAP;A;2011;34432577661;
EU27_2020;GDP;TOT;USD_CAP;A;2012;34902080387;
EU27_2020;GDP;TOT;USD_CAP;A;2013;36049418928;
EU27_2020;GDP;TOT;USD_CAP;A;2014;37092345359;
EU27_2020;GDP;TOT;USD_CAP;A;2015;38255272899;
EU27_2020;GDP;TOT;USD_CAP;A;2016;40582296848;
EU27_2020;GDP;TOT;USD_CAP;A;2017;42692233697;
EU27_2020;GDP;TOT;USD_CAP;A;2018;44673314217;
EU27_2020;GDP;TOT;USD_CAP;A;2019;47448464984;
EU27_2020;GDP;TOT;USD_CAP;A;2020;45843885145;
EU27_2020;GDP;TOT;USD_CAP;A;2021;4892905281;
EU27_2020;GDP;TOT;USD_CAP;A;2022;54293743107;
ALB;GDP;TOT;USD_CAP;A;1997;2726250752;
ALB;GDP;TOT;USD_CAP;A;1998;3030760984;
ALB;GDP;TOT;USD_CAP;A;1999;3482711947;
ALB;GDP;TOT;USD_CAP;A;2000;3874688609;
ALB;GDP;TOT;USD_CAP;A;2001;4300224528;
ALB;GDP;TOT;USD_CAP;A;2002;4661382534;
ALB;GDP;TOT;USD_CAP;A;2003;5000305612;
ALB;GDP;TOT;USD_CAP;A;2004;5427744811;
ALB;GDP;TOT;USD_CAP;A;2005;5865314976;
ALB;GDP;TOT;USD_CAP;A;2006;6565592175;
ALB;GDP;TOT;USD_CAP;A;2007;7284180954;
ALB;GDP;TOT;USD_CAP;A;2008;8228325708;D
ALB;GDP;TOT;USD_CAP;A;2009;8813479218;
ALB;GDP;TOT;USD_CAP;A;2010;9628640205;
ALB;GDP;TOT;USD_CAP;A;2011;1020777567;
ALB;GDP;TOT;USD_CAP;A;2012;1052626764;
ALB;GDP;TOT;USD_CAP;A;2013;10570992371;D
ALB;GDP;TOT;USD_CAP;A;2014;11259216046;
ALB;GDP;TOT;USD_CAP;A;2015;11658892144;
ALB;GDP;TOT;USD_CAP;A;2016;12078859197;
ALB;GDP;TOT;USD_CAP;A;2017;12770949362;
ALB;GDP;TOT;USD_CAP;A;2018;13498122566;
ALB;GDP;TOT;USD_CAP;A;2019;14407379403;
ALB;GDP;TOT;USD_CAP;A;2020;14033967211;P
SRB;GDP;TOT;USD_CAP;A;2000;601992131;
SRB;GDP;TOT;USD_CAP;A;2001;6483017098;
SRB;GDP;TOT;USD_CAP;A;2002;7221203572;
SRB;GDP;TOT;USD_CAP;A;2003;7646155052;
SRB;GDP;TOT;USD_CAP;A;2004;8487615536;
SRB;GDP;TOT;USD_CAP;A;2005;9181722952;
SRB;GDP;TOT;USD_CAP;A;2006;10207657854;
SRB;GDP;TOT;USD_CAP;A;2007;11237522567;
SRB;GDP;TOT;USD_CAP;A;2008;12632038403;
SRB;GDP;TOT;USD_CAP;A;2009;12534607113;
SRB;GDP;TOT;USD_CAP;A;2010;12798159892;
SRB;GDP;TOT;USD_CAP;A;2011;13742336799;
SRB;GDP;TOT;USD_CAP;A;2012;13929171684;
SRB;GDP;TOT;USD_CAP;A;2013;14624125863;
SRB;GDP;TOT;USD_CAP;A;2014;14657017285;
SRB;GDP;TOT;USD_CAP;A;2015;14928438393;
SRB;GDP;TOT;USD_CAP;A;2016;15858087991;
SRB;GDP;TOT;USD_CAP;A;2017;16610992477;
SRB;GDP;TOT;USD_CAP;A;2018;1771789125;
SRB;GDP;TOT;USD_CAP;A;2019;19404882561;
SRB;GDP;TOT;USD_CAP;A;2020;1954772567;
SRB;GDP;TOT;USD_CAP;A;2021;2158839529;P
GEO;GDP;TOT;USD_CAP;A;2010;7564881587;
GEO;GDP;TOT;USD_CAP;A;2011;8360306333;
GEO;GDP;TOT;USD_CAP;A;2012;9826064193;
GEO;GDP;TOT;USD_CAP;A;2013;10611756551;
GEO;GDP;TOT;USD_CAP;A;2014;11575584149;
GEO;GDP;TOT;USD_CAP;A;2015;1208917496;
GEO;GDP;TOT;USD_CAP;A;2016;12858489885;
GEO;GDP;TOT;USD_CAP;A;2017;13589730377;
GEO;GDP;TOT;USD_CAP;A;2018;1459390772;
GEO;GDP;TOT;USD_CAP;A;2019;15621873636;
GEO;GDP;TOT;USD_CAP;A;2020;14731202573;
CMR;GDP;TOT;USD_CAP;A;1994;1602389731;
CMR;GDP;TOT;USD_CAP;A;1995;1663270325;
CMR;GDP;TOT;USD_CAP;A;1996;1718243304;
CMR;GDP;TOT;USD_CAP;A;1997;1779495674;
CMR;GDP;TOT;USD_CAP;A;1998;1835924492;
CMR;GDP;TOT;USD_CAP;A;1999;1959116324;
CMR;GDP;TOT;USD_CAP;A;2000;2026513186;
CMR;GDP;TOT;USD_CAP;A;2001;2105454607;
CMR;GDP;TOT;USD_CAP;A;2002;2175411441;
CMR;GDP;TOT;USD_CAP;A;2003;2277633288;
CMR;GDP;TOT;USD_CAP;A;2004;2437192681;
CMR;GDP;TOT;USD_CAP;A;2005;2500943238;
CMR;GDP;TOT;USD_CAP;A;2006;2604220309;
CMR;GDP;TOT;USD_CAP;A;2007;2714963213;
CMR;GDP;TOT;USD_CAP;A;2008;2768524771;
CMR;GDP;TOT;USD_CAP;A;2009;2780579428;
CMR;GDP;TOT;USD_CAP;A;2010;2817138892;
CMR;GDP;TOT;USD_CAP;A;2011;2892502629;
CMR;GDP;TOT;USD_CAP;A;2012;2958729392;
CMR;GDP;TOT;USD_CAP;A;2013;312990117;
CMR;GDP;TOT;USD_CAP;A;2014;3312518595;
CMR;GDP;TOT;USD_CAP;A;2015;3395683762;
CMR;GDP;TOT;USD_CAP;A;2016;3527098888;
CMR;GDP;TOT;USD_CAP;A;2017;3665128295;
CMR;GDP;TOT;USD_CAP;A;2018;3800566288;
CMR;GDP;TOT;USD_CAP;A;2019;3900880855;
CMR;GDP;TOT;USD_CAP;A;2020;386120989;
SEN;GDP;TOT;USD_CAP;A;1999;2047950214;
SEN;GDP;TOT;USD_CAP;A;2000;2113408051;
SEN;GDP;TOT;USD_CAP;A;2001;2189144904;
SEN;GDP;TOT;USD_CAP;A;2002;2161086365;
SEN;GDP;TOT;USD_CAP;A;2003;226219838;
SEN;GDP;TOT;USD_CAP;A;2004;2364289458;
SEN;GDP;TOT;USD_CAP;A;2005;2471499943;
SEN;GDP;TOT;USD_CAP;A;2006;2528819331;
SEN;GDP;TOT;USD_CAP;A;2007;2588264709;
SEN;GDP;TOT;USD_CAP;A;2008;265631441;
SEN;GDP;TOT;USD_CAP;A;2009;2669497855;
SEN;GDP;TOT;USD_CAP;A;2010;2714467736;
SEN;GDP;TOT;USD_CAP;A;2011;2728699987;
SEN;GDP;TOT;USD_CAP;A;2012;2798104708;
SEN;GDP;TOT;USD_CAP;A;2013;2797721619;
SEN;GDP;TOT;USD_CAP;A;2014;2881298928;
SEN;GDP;TOT;USD_CAP;A;2015;3017267768;
SEN;GDP;TOT;USD_CAP;A;2016;3116185752;
SEN;GDP;TOT;USD_CAP;A;2017;3238212275;
SEN;GDP;TOT;USD_CAP;A;2018;3416171427;
SEN;GDP;TOT;USD_CAP;A;2019;3530096494;
SEN;GDP;TOT;USD_CAP;A;2020;3513149951;
